[{"id":16958853,"targetSite":"https://wikipedia.org","introduction":"Во время исследования на экране будут появляться задания и вопросы.\n\nВ процессе выполнения заданий важно, чтобы вы размышляли вслух и проговаривали, какие сложности у вас возникают и почему. ","goal":null,"testerDescription":null,"testTitle":"test1","steps":[{"stepDetails":[],"orderNum":0.0,"stepType":"TEXT","question":"1"}],"participantGroups":[{"id":49728232,"name":"1","count":5,"gender":"ANY","householdIncomeMin":0,"householdIncomeMax":55000,"minAge":18,"maxAge":61,"children":"ANY","familyStatus":"ANY","educations":[{"value":"HIGH_NOT_FULL"},{"value":"MIDDLE_SPEC"},{"value":"COMMON"},{"value":"MIDDLE_FULL"},{"value":"HIGH"}],"socialStatuses":[{"value":"STUDENT"},{"value":"HOUSEWIFE"},{"value":"CHIEF_DEPT"},{"value":"FREELANCER"},{"value":"UNEMPLOYED"},{"value":"WORKER"},{"value":"SPECIALIST"}],"testerTask":[{"id":49955738,"rating":null,"status":"COMPLETED","participantGroupId":49728232,"tester":{"id":493253073,"username":"test3","email":"test3@test.com","city":"круцеруцр"},"video":{"id":"9f0882b6-7043-4cf5-a6b2-3708682b2d54","uploadTime":"2019-10-23T11:47:58.761Z","isPrivate":false,"private":false},"profileSnapshot":{"gender":"MALE","birthday":"09.10.2000","income":0,"kids":"NONE","familyStatus":"NOT_MARRIED","socialStatus":{"value":"UNEMPLOYED"},"education":{"value":"COMMON"}}},{"id":49955679,"rating":null,"status":"COMPLETED","participantGroupId":49728232,"tester":{"id":493253103,"username":"test10","email":"test10@test.com","city":"укеркуерку"},"video":{"id":"56a4a676-49ca-42a7-a02f-fa8eae684d30","uploadTime":"2019-10-21T10:41:04.939Z","isPrivate":false,"private":false},"profileSnapshot":{"gender":"MALE","birthday":"09.10.2000","income":0,"kids":"NONE","familyStatus":"NOT_MARRIED","socialStatus":{"value":"UNEMPLOYED"},"education":{"value":"HIGH"}}}],"testers":[{"id":493253073,"username":"test3","email":"test3@test.com","city":"круцеруцр"},{"id":493253103,"username":"test10","email":"test10@test.com","city":"укеркуерку"}],"private":false}],"testerTask":[{"id":49955679,"rating":null,"status":"COMPLETED","participantGroupId":49728232,"tester":{"id":493253103,"username":"test10","email":"test10@test.com","city":"укеркуерку"},"video":{"id":"56a4a676-49ca-42a7-a02f-fa8eae684d30","uploadTime":"2019-10-21T10:41:04.939Z","isPrivate":false,"private":false},"profileSnapshot":{"gender":"MALE","birthday":"09.10.2000","income":0,"kids":"NONE","familyStatus":"NOT_MARRIED","socialStatus":{"value":"UNEMPLOYED"},"education":{"value":"HIGH"}}},{"id":49955738,"rating":null,"status":"COMPLETED","participantGroupId":49728232,"tester":{"id":493253073,"username":"test3","email":"test3@test.com","city":"круцеруцр"},"video":{"id":"9f0882b6-7043-4cf5-a6b2-3708682b2d54","uploadTime":"2019-10-23T11:47:58.761Z","isPrivate":false,"private":false},"profileSnapshot":{"gender":"MALE","birthday":"09.10.2000","income":0,"kids":"NONE","familyStatus":"NOT_MARRIED","socialStatus":{"value":"UNEMPLOYED"},"education":{"value":"COMMON"}}}],"testerType":"OUR","testType":"SITE","testerCount":5,"appName":null,"createDate":"2019-10-21T08:59:42.557Z","payment":{"coast":0},"status":"ACTIVE"},{"id":16958888,"targetSite":"https://mail.ru","introduction":"Во время исследования на экране будут появляться задания и вопросы.\nчитайте внимательно\nВ процессе выполнения заданий важно, чтобы вы размышляли вслух и проговаривали, какие сложности у вас возникают и почему. ","goal":null,"testerDescription":null,"testTitle":"эффективность сайта","steps":[{"stepDetails":[],"orderNum":0.0,"stepType":"TEXT","question":"Найдите на сайте подходящий вам товар. Пожалуйста, объясните, почему вы сделали такой выбор?"},{"stepDetails":[],"orderNum":1.0,"stepType":"TEXT","question":"Достаточно ли для вас информации на странице, чтобы выполнить задачу?"},{"stepDetails":[{"orderNum":0,"value":"Совершенно не согласен"},{"orderNum":1,"value":"Полностью согласен"},{"orderNum":2,"value":"10"}],"orderNum":2.0,"stepType":"RATING","question":"Разные функции на этом сайте правильно сгруппированы."},{"stepDetails":[{"orderNum":0,"value":"МТС"},{"orderNum":1,"value":"Теле-2"},{"orderNum":2,"value":"Билайн"},{"orderNum":3,"value":"Мегафон"},{"orderNum":4,"value":"Другое"}],"orderNum":3.0,"stepType":"RADIO","question":"Выберите вашего оператора мобильной связи:"},{"stepDetails":[{"orderNum":0,"value":"Социальные сети"},{"orderNum":1,"value":"Игры/развлечения"},{"orderNum":2,"value":"Новости"},{"orderNum":3,"value":"Погода"},{"orderNum":4,"value":"Карты"},{"orderNum":5,"value":"Планирование (календарь, список дел)"},{"orderNum":6,"value":"Инструменты (калькулятор, переводчик, словарь и т. п.)"},{"orderNum":7,"value":"Другие"}],"orderNum":4.0,"stepType":"CHECKBOX","question":"Какие типы мобильных приложений вы используете чаще всего?"},{"stepDetails":[],"orderNum":5.0,"stepType":"ANSWER","question":"Напишите, пожалуйста, что вам не понравилось на сайте?"}],"participantGroups":[{"id":49728269,"name":"массово-состоятельный","count":10,"gender":"ANY","householdIncomeMin":20000,"householdIncomeMax":55000,"minAge":30,"maxAge":40,"children":"YES","familyStatus":"NOT_MARRIED","educations":[{"value":"MIDDLE_SPEC"},{"value":"COMMON"},{"value":"HIGH_NOT_FULL"},{"value":"HIGH"},{"value":"MIDDLE_FULL"}],"socialStatuses":[{"value":"STUDENT"},{"value":"FREELANCER"},{"value":"HOUSEWIFE"},{"value":"WORKER"},{"value":"UNEMPLOYED"},{"value":"CHIEF_DEPT"},{"value":"SPECIALIST"}],"testerTask":[],"testers":[],"private":true}],"testerTask":[],"testerType":"OUR","testType":"SITE","testerCount":10,"appName":null,"createDate":"2019-10-21T12:25:48.599Z","payment":{"coast":0},"status":"ACTIVE"},{"id":16958837,"targetSite":"https://mail.ru","introduction":"Во время исследования на экране будут появляться задания и вопросы.\n\nВ процессе выполнения заданий важно, чтобы вы размышляли вслух и проговаривали, какие сложности у вас возникают и почему. ","goal":null,"testerDescription":null,"testTitle":"проверка работоспособности сайта","steps":[{"stepDetails":[],"orderNum":0.0,"stepType":"TEXT","question":"Опишите свое первое впечатление от сайта."}],"participantGroups":[{"id":49728221,"name":"массово-состоятельный","count":10,"gender":"FEMALE","householdIncomeMin":15000,"householdIncomeMax":55000,"minAge":29,"maxAge":61,"children":"YES","familyStatus":"MARRIED","educations":[{"value":"MIDDLE_SPEC"},{"value":"COMMON"},{"value":"HIGH"},{"value":"HIGH_NOT_FULL"},{"value":"MIDDLE_FULL"}],"socialStatuses":[{"value":"STUDENT"},{"value":"CHIEF_DEPT"},{"value":"UNEMPLOYED"},{"value":"SPECIALIST"},{"value":"HOUSEWIFE"},{"value":"WORKER"},{"value":"FREELANCER"}],"testerTask":[],"testers":[],"private":true}],"testerTask":[],"testerType":"OUR","testType":"SITE","testerCount":10,"appName":null,"createDate":"2019-10-18T08:38:13.032Z","payment":{"coast":0},"status":"ACTIVE"},{"id":16958901,"targetSite":"https://wikipedia.org","introduction":"BLUBLUHBLUHBLUHBLUH","goal":null,"testerDescription":null,"testTitle":"bluhbluhbluh","steps":[{"stepDetails":[],"orderNum":0.0,"stepType":"TEXT","question":"asdsdfgdgfjyoiuiokjgfasd"}],"participantGroups":[{"id":49728278,"name":"/;alsdmk;lasdfkd;lsfkjhlfkdjh","count":5,"gender":"ANY","householdIncomeMin":0,"householdIncomeMax":55000,"minAge":18,"maxAge":61,"children":"YES","familyStatus":"ANY","educations":[{"value":"MIDDLE_SPEC"},{"value":"COMMON"},{"value":"HIGH_NOT_FULL"},{"value":"HIGH"}],"socialStatuses":[{"value":"CHIEF_DEPT"},{"value":"FREELANCER"},{"value":"WORKER"},{"value":"UNEMPLOYED"},{"value":"HOUSEWIFE"},{"value":"SPECIALIST"},{"value":"STUDENT"}],"testerTask":[],"testers":[],"private":true}],"testerTask":[],"testerType":"OUR","testType":"SITE","testerCount":5,"appName":null,"createDate":"2019-10-21T13:58:17.278Z","payment":{"coast":0},"status":"ACTIVE"},{"id":16960794,"targetSite":"https://wikipedia.org","introduction":"Во время исследования на экране будут появляться задания и вопросы.\n\nВ процессе выполнения заданий важно, чтобы вы размышляли вслух и проговаривали, какие сложности у вас возникают и почему. ","goal":null,"testerDescription":null,"testTitle":"nazvanie","steps":[{"stepDetails":[],"orderNum":0.0,"stepType":"TEXT","question":"asdddd"}],"participantGroups":[{"id":49730125,"name":"asddd","count":5,"gender":"ANY","householdIncomeMin":0,"householdIncomeMax":55000,"minAge":18,"maxAge":19,"children":"ANY","familyStatus":"ANY","educations":[{"value":"HIGH_NOT_FULL"},{"value":"HIGH"},{"value":"MIDDLE_SPEC"},{"value":"MIDDLE_FULL"},{"value":"COMMON"}],"socialStatuses":[{"value":"WORKER"},{"value":"HOUSEWIFE"},{"value":"FREELANCER"},{"value":"UNEMPLOYED"},{"value":"CHIEF_DEPT"},{"value":"STUDENT"},{"value":"SPECIALIST"}],"testerTask":[{"id":49955755,"rating":null,"status":"ACTIVE","participantGroupId":49730125,"tester":{"id":493253103,"username":"test10","email":"test10@test.com","city":"укеркуерку"},"video":null,"profileSnapshot":{"gender":"MALE","birthday":"09.10.2000","income":0,"kids":"NONE","familyStatus":"NOT_MARRIED","socialStatus":{"value":"UNEMPLOYED"},"education":{"value":"HIGH"}}},{"id":49955746,"rating":null,"status":"ACTIVE","participantGroupId":49730125,"tester":{"id":493253073,"username":"test3","email":"test3@test.com","city":"круцеруцр"},"video":null,"profileSnapshot":{"gender":"MALE","birthday":"09.10.2000","income":0,"kids":"NONE","familyStatus":"NOT_MARRIED","socialStatus":{"value":"UNEMPLOYED"},"education":{"value":"COMMON"}}}],"testers":[{"id":493253103,"username":"test10","email":"test10@test.com","city":"укеркуерку"},{"id":493253073,"username":"test3","email":"test3@test.com","city":"круцеруцр"}],"private":false}],"testerTask":[],"testerType":"OUR","testType":"SITE","testerCount":5,"appName":null,"createDate":"2019-10-23T11:52:19.648Z","payment":{"coast":0},"status":"ACTIVE"},{"id":16958850,"targetSite":"https://ru.wikipedia.org/","introduction":"Во время исследования на экране будут появляться задания и вопросы.\n\nВ процессе выполнения заданий важно, чтобы вы размышляли вслух и проговаривали, какие сложности у вас возникают и почему. \n\nНажми че-нить и будешь молодцом","goal":null,"testerDescription":null,"testTitle":"другой тест по ссылке","steps":[{"stepDetails":[],"orderNum":0.0,"stepType":"TEXT","question":"Нажми себе на носик, котёночек и скажи какие твои ощущения, википедия не нужна - она лишь иллюзия для того, чтобы ты мог дать волю своим чувствам и действиям. Вперёд, навстречу своему носику!!!! "}],"participantGroups":[],"testerTask":[{"id":49955737,"rating":null,"status":"COMPLETED","participantGroupId":null,"tester":{"id":493253195,"username":"sideTester1571730542874","email":"sr34y7864hf@mail.ru","city":null},"video":{"id":"f0aa3474-9377-40b5-a1ff-9ccb2f745872","uploadTime":"2019-10-22T07:49:05.89Z","isPrivate":false,"private":false},"profileSnapshot":null},{"id":49955667,"rating":null,"status":"COMPLETED","participantGroupId":null,"tester":{"id":493253079,"username":"test5","email":"test5@test.com","city":"Moscow"},"video":{"id":"73ee9183-6d28-41f7-9f95-83c8879bb9e2","uploadTime":"2019-10-21T08:56:11.305Z","isPrivate":false,"private":false},"profileSnapshot":null},{"id":49955735,"rating":null,"status":"COMPLETED","participantGroupId":null,"tester":{"id":493253193,"username":"sideTester1571729689286","email":"r34y7864hf@mail.ru","city":null},"video":{"id":"4153785f-2add-4bd2-8544-6c05fe7a7131","uploadTime":"2019-10-22T07:34:53.076Z","isPrivate":false,"private":false},"profileSnapshot":null},{"id":49955665,"rating":null,"status":"COMPLETED","participantGroupId":null,"tester":{"id":493253139,"username":"sideTester1571644950196","email":"stepaden@mail.ru","city":null},"video":{"id":"1548ecef-cfa5-4d8a-9970-818b506bf817","uploadTime":"2019-10-21T08:10:29.492Z","isPrivate":false,"private":false},"profileSnapshot":null},{"id":49955726,"rating":null,"status":"COMPLETED","participantGroupId":null,"tester":{"id":493253185,"username":"sideTester1571662449159","email":"dsjhfgkaidgu@mail.ru","city":null},"video":{"id":"50dc34a3-7e28-4546-b63d-1c9887d199b3","uploadTime":"2019-10-21T12:54:12.956Z","isPrivate":false,"private":false},"profileSnapshot":null},{"id":49955663,"rating":null,"status":"COMPLETED","participantGroupId":null,"tester":{"id":493252981,"username":"sideTester1568376033120","email":"asdad@mail.ru","city":null},"video":{"id":"0a1442d7-308d-42fb-8e79-a44925f11ae4","uploadTime":"2019-10-21T07:58:25.956Z","isPrivate":false,"private":false},"profileSnapshot":null},{"id":49955728,"rating":null,"status":"COMPLETED","participantGroupId":null,"tester":{"id":493253187,"username":"sideTester1571663114877","email":"wi3ury74yrjyhgtfj@mail.ru","city":null},"video":{"id":"03fa9e0a-9a94-4966-a485-0bf662b79620","uploadTime":"2019-10-21T13:05:18.908Z","isPrivate":false,"private":false},"profileSnapshot":null},{"id":49955736,"rating":null,"status":"COMPLETED","participantGroupId":null,"tester":{"id":493253194,"username":"sideTester1571730159043","email":"swr34y64hf@mail.ru","city":null},"video":{"id":"5e58ab14-d7af-403f-869b-79aabf0e1586","uploadTime":"2019-10-22T07:42:43.256Z","isPrivate":false,"private":false},"profileSnapshot":null},{"id":49955725,"rating":null,"status":"COMPLETED","participantGroupId":null,"tester":{"id":493253184,"username":"sideTester1571662054062","email":"iyvghfuysbgcdfeuyg@mail.ru","city":null},"video":{"id":"29f44f22-7232-49ec-bf7e-7f12c5f844ce","uploadTime":"2019-10-21T12:47:37.978Z","isPrivate":false,"private":false},"profileSnapshot":null},{"id":49955723,"rating":null,"status":"COMPLETED","participantGroupId":null,"tester":{"id":493253183,"username":"sideTester1571661626285","email":"swr34y7864hf@mail.ru","city":null},"video":{"id":"367ec348-72f5-49e0-b8a8-bdb3f3a9c5d3","uploadTime":"2019-10-21T12:40:30.072Z","isPrivate":false,"private":false},"profileSnapshot":null},{"id":49955727,"rating":null,"status":"COMPLETED","participantGroupId":null,"tester":{"id":493253186,"username":"sideTester1571662630310","email":"wi3ury74yrtfj@mail.ru","city":null},"video":{"id":"5a423bdf-f396-4904-913a-057aa37df1bc","uploadTime":"2019-10-21T12:57:14.184Z","isPrivate":false,"private":false},"profileSnapshot":null}],"testerType":"THEIR","testType":"SITE","testerCount":10000000,"appName":null,"createDate":"2019-10-21T07:49:15.138Z","payment":{"coast":0},"status":"ACTIVE"},{"id":16958846,"targetSite":"https://wikipedia.com","introduction":"Во время исследования на экране будут появляться задания и вопросы.\n\nВ процессе выполнения заданий важно, чтобы вы размышляли вслух и проговаривали, какие сложности у вас возникают и почему. ","goal":null,"testerDescription":null,"testTitle":"тест по ссылке","steps":[{"stepDetails":[],"orderNum":0.0,"stepType":"TEXT","question":"Найти дерево"}],"participantGroups":[],"testerTask":[{"id":49955662,"rating":null,"status":"COMPLETED","participantGroupId":null,"tester":{"id":493253100,"username":"test200007","email":"test200007@test.com","city":null},"video":{"id":"a5e6a189-9830-4a8f-8a5a-f5705c60b5a3","uploadTime":"2019-10-21T07:43:43.022Z","isPrivate":false,"private":false},"profileSnapshot":null}],"testerType":"THEIR","testType":"SITE","testerCount":5,"appName":null,"createDate":"2019-10-21T07:21:05.984Z","payment":{"coast":0},"status":"ACTIVE"},{"id":16960807,"targetSite":"https://pornhub.com","introduction":"Во время исследования на экране будут появляться задания и вопросы.\n\nВ процессе выполнения заданий важно, чтобы вы размышляли вслух и проговаривали, какие сложности у вас возникают и почему. ","goal":null,"testerDescription":null,"testTitle":"test_pomoika","steps":[{"stepDetails":[],"orderNum":0.0,"stepType":"TEXT","question":"Gde porno?"}],"participantGroups":[{"id":49730127,"name":"Segment","count":5,"gender":"ANY","householdIncomeMin":0,"householdIncomeMax":55000,"minAge":18,"maxAge":20,"children":"ANY","familyStatus":"ANY","educations":[{"value":"MIDDLE_SPEC"},{"value":"HIGH"},{"value":"COMMON"},{"value":"MIDDLE_FULL"},{"value":"HIGH_NOT_FULL"}],"socialStatuses":[{"value":"CHIEF_DEPT"},{"value":"SPECIALIST"},{"value":"STUDENT"},{"value":"FREELANCER"},{"value":"HOUSEWIFE"},{"value":"WORKER"},{"value":"UNEMPLOYED"}],"testerTask":[{"id":49955750,"rating":null,"status":"COMPLETED","participantGroupId":49730127,"tester":{"id":493253103,"username":"test10","email":"test10@test.com","city":"укеркуерку"},"video":{"id":"27b1ce61-831d-42b6-b151-a9c412daff3b","uploadTime":"2019-10-23T12:28:34.191Z","isPrivate":false,"private":false},"profileSnapshot":{"gender":"MALE","birthday":"09.10.2000","income":0,"kids":"NONE","familyStatus":"NOT_MARRIED","socialStatus":{"value":"UNEMPLOYED"},"education":{"value":"HIGH"}}}],"testers":[{"id":493253103,"username":"test10","email":"test10@test.com","city":"укеркуерку"}],"private":false}],"testerTask":[],"testerType":"OUR","testType":"SITE","testerCount":5,"appName":null,"createDate":"2019-10-23T12:10:09.426Z","payment":{"coast":0},"status":"ACTIVE"},{"id":16958877,"targetSite":"https://mail.ru","introduction":"Во время исследования на экране будут появляться задания и вопросы.\n\nВ процессе выполнения заданий важно, чтобы вы размышляли вслух и проговаривали, какие сложности у вас возникают и почему. ","goal":null,"testerDescription":null,"testTitle":"1","steps":[{"stepDetails":[],"orderNum":0.0,"stepType":"TEXT","question":"Найдите на сайте подходящий вам товар. Пожалуйста, объясните, почему вы сделали такой выбор?"}],"participantGroups":[{"id":49728261,"name":"1","count":5,"gender":"ANY","householdIncomeMin":0,"householdIncomeMax":55000,"minAge":18,"maxAge":61,"children":"ANY","familyStatus":"ANY","educations":[{"value":"HIGH_NOT_FULL"},{"value":"MIDDLE_FULL"},{"value":"HIGH"},{"value":"MIDDLE_SPEC"},{"value":"COMMON"}],"socialStatuses":[{"value":"FREELANCER"},{"value":"STUDENT"},{"value":"UNEMPLOYED"},{"value":"WORKER"},{"value":"SPECIALIST"},{"value":"HOUSEWIFE"},{"value":"CHIEF_DEPT"}],"testerTask":[{"id":49955715,"rating":null,"status":"COMPLETED","participantGroupId":49728261,"tester":{"id":493253073,"username":"test3","email":"test3@test.com","city":"круцеруцр"},"video":{"id":"3e4e26fc-814b-4305-9b6a-bd66b37a001b","uploadTime":"2019-10-21T11:19:24.78Z","isPrivate":false,"private":false},"profileSnapshot":{"gender":"MALE","birthday":"09.10.2000","income":0,"kids":"NONE","familyStatus":"NOT_MARRIED","socialStatus":{"value":"UNEMPLOYED"},"education":{"value":"COMMON"}}}],"testers":[{"id":493253073,"username":"test3","email":"test3@test.com","city":"круцеруцр"}],"private":false}],"testerTask":[{"id":49955715,"rating":null,"status":"COMPLETED","participantGroupId":49728261,"tester":{"id":493253073,"username":"test3","email":"test3@test.com","city":"круцеруцр"},"video":{"id":"3e4e26fc-814b-4305-9b6a-bd66b37a001b","uploadTime":"2019-10-21T11:19:24.78Z","isPrivate":false,"private":false},"profileSnapshot":{"gender":"MALE","birthday":"09.10.2000","income":0,"kids":"NONE","familyStatus":"NOT_MARRIED","socialStatus":{"value":"UNEMPLOYED"},"education":{"value":"COMMON"}}}],"testerType":"OUR","testType":"SITE","testerCount":5,"appName":null,"createDate":"2019-10-21T11:07:08.251Z","payment":{"coast":0},"status":"ACTIVE"},{"id":16958856,"targetSite":"https://wikipedia.org","introduction":"Во время исследования на экране будут появляться задания и вопросы.\n\nВ процессе выполнения заданий важно, чтобы вы размышляли вслух и проговаривали, какие сложности у вас возникают и почему. ","goal":null,"testerDescription":null,"testTitle":"еще один по ссылке","steps":[{"stepDetails":[],"orderNum":0.0,"stepType":"TEXT","question":"Пожалуйста, ничего не делай и нажми \"закончить\" сразу"}],"participantGroups":[],"testerTask":[{"id":49955674,"rating":null,"status":"COMPLETED","participantGroupId":null,"tester":{"id":493253155,"username":"sideTester1571648666140","email":"akunamatata@mail.ru","city":null},"video":{"id":"2f74b2aa-70c1-4f1a-806b-41aa5f8acf0f","uploadTime":"2019-10-21T10:25:49.583Z","isPrivate":false,"private":false},"profileSnapshot":null},{"id":49955707,"rating":null,"status":"COMPLETED","participantGroupId":null,"tester":{"id":493253169,"username":"sideTester1571655886442","email":"s.fomichev@pflb.ru","city":null},"video":{"id":"cbd3a0ae-b96d-4809-871e-793443a9b63b","uploadTime":"2019-10-21T11:06:30.826Z","isPrivate":false,"private":false},"profileSnapshot":null},{"id":49955680,"rating":null,"status":"COMPLETED","participantGroupId":null,"tester":{"id":493253139,"username":"sideTester1571644950196","email":"stepaden@mail.ru","city":null},"video":{"id":"a0d13181-9a10-41b7-b018-85349aabf7bd","uploadTime":"2019-10-21T10:44:39.498Z","isPrivate":false,"private":false},"profileSnapshot":null},{"id":49955714,"rating":null,"status":"COMPLETED","participantGroupId":null,"tester":{"id":493253126,"username":"test14","email":"test14@test.com","city":null},"video":{"id":"7e148e7a-777a-4d57-a8b7-dd44ff781ad5","uploadTime":"2019-10-21T11:16:50Z","isPrivate":false,"private":false},"profileSnapshot":null},{"id":49955676,"rating":null,"status":"COMPLETED","participantGroupId":null,"tester":{"id":493253163,"username":"sideTester1571654022842","email":"jeyhgb@mail.ru","city":null},"video":{"id":"ed9285e2-d2da-4805-ad02-a636f3079f53","uploadTime":"2019-10-21T10:34:18.517Z","isPrivate":false,"private":false},"profileSnapshot":null},{"id":49955675,"rating":null,"status":"COMPLETED","participantGroupId":null,"tester":{"id":493253162,"username":"sideTester1571653831700","email":"sudygfub@mail.ru","city":null},"video":{"id":"67533849-f95b-4e08-8245-35991d987eb2","uploadTime":"2019-10-21T10:31:55.709Z","isPrivate":false,"private":false},"profileSnapshot":null},{"id":49955720,"rating":null,"status":"COMPLETED","participantGroupId":null,"tester":{"id":493253130,"username":"test25","email":"test25@test.com","city":null},"video":{"id":"eeabb4af-5177-4937-9184-d61b216d95c4","uploadTime":"2019-10-21T12:22:35.356Z","isPrivate":false,"private":false},"profileSnapshot":null}],"testerType":"THEIR","testType":"SITE","testerCount":1094787,"appName":null,"createDate":"2019-10-21T10:24:05.924Z","payment":{"coast":0},"status":"ACTIVE"},{"id":16958854,"targetSite":"https://mail.ru","introduction":"Во время исследования на экране будут появляться задания и вопросы.\n\nВ процессе выполнения заданий важно, чтобы вы размышляли вслух и проговаривали,1 какие сложности у вас возникают и почему. ","goal":null,"testerDescription":null,"testTitle":"1","steps":[{"stepDetails":[],"orderNum":0.0,"stepType":"TEXT","question":"Опишите свое первое впечатление от сайта."}],"participantGroups":[{"id":49728233,"name":"1","count":5,"gender":"ANY","householdIncomeMin":0,"householdIncomeMax":55000,"minAge":18,"maxAge":61,"children":"ANY","familyStatus":"ANY","educations":[{"value":"HIGH_NOT_FULL"},{"value":"COMMON"},{"value":"MIDDLE_FULL"},{"value":"MIDDLE_SPEC"},{"value":"HIGH"}],"socialStatuses":[{"value":"STUDENT"},{"value":"HOUSEWIFE"},{"value":"FREELANCER"},{"value":"WORKER"},{"value":"UNEMPLOYED"},{"value":"SPECIALIST"},{"value":"CHIEF_DEPT"}],"testerTask":[{"id":49955713,"rating":null,"status":"COMPLETED","participantGroupId":49728233,"tester":{"id":493253073,"username":"test3","email":"test3@test.com","city":"круцеруцр"},"video":{"id":"4f1e9702-fbea-4c9d-bef2-eab6d2642b40","uploadTime":"2019-10-21T11:15:52.781Z","isPrivate":false,"private":false},"profileSnapshot":{"gender":"MALE","birthday":"09.10.2000","income":0,"kids":"NONE","familyStatus":"NOT_MARRIED","socialStatus":{"value":"UNEMPLOYED"},"education":{"value":"COMMON"}}}],"testers":[{"id":493253073,"username":"test3","email":"test3@test.com","city":"круцеруцр"}],"private":false}],"testerTask":[{"id":49955713,"rating":null,"status":"COMPLETED","participantGroupId":49728233,"tester":{"id":493253073,"username":"test3","email":"test3@test.com","city":"круцеруцр"},"video":{"id":"4f1e9702-fbea-4c9d-bef2-eab6d2642b40","uploadTime":"2019-10-21T11:15:52.781Z","isPrivate":false,"private":false},"profileSnapshot":{"gender":"MALE","birthday":"09.10.2000","income":0,"kids":"NONE","familyStatus":"NOT_MARRIED","socialStatus":{"value":"UNEMPLOYED"},"education":{"value":"COMMON"}}}],"testerType":"OUR","testType":"SITE","testerCount":5,"appName":null,"createDate":"2019-10-21T09:43:56.402Z","payment":{"coast":0},"status":"ACTIVE"},{"id":16958882,"targetSite":"https://mail.ru","introduction":"Во время исследования на экране будут появляться задания и вопросы.\n\nВ процессе выполнения заданий важно, чтобы вы размышляли вслух и проговаривали, какие сложности у вас возникают и почему. ","goal":null,"testerDescription":null,"testTitle":"1","steps":[{"stepDetails":[],"orderNum":0.0,"stepType":"TEXT","question":"Опишите свое первое впечатление от сайта."}],"participantGroups":[{"id":49728266,"name":"1","count":5,"gender":"ANY","householdIncomeMin":0,"householdIncomeMax":55000,"minAge":18,"maxAge":61,"children":"ANY","familyStatus":"ANY","educations":[{"value":"HIGH"},{"value":"MIDDLE_FULL"},{"value":"COMMON"},{"value":"HIGH_NOT_FULL"},{"value":"MIDDLE_SPEC"}],"socialStatuses":[{"value":"WORKER"},{"value":"CHIEF_DEPT"},{"value":"UNEMPLOYED"},{"value":"STUDENT"},{"value":"FREELANCER"},{"value":"SPECIALIST"},{"value":"HOUSEWIFE"}],"testerTask":[{"id":49955754,"rating":null,"status":"ACTIVE","participantGroupId":49728266,"tester":{"id":493253103,"username":"test10","email":"test10@test.com","city":"укеркуерку"},"video":null,"profileSnapshot":{"gender":"MALE","birthday":"09.10.2000","income":0,"kids":"NONE","familyStatus":"NOT_MARRIED","socialStatus":{"value":"UNEMPLOYED"},"education":{"value":"HIGH"}}},{"id":49955743,"rating":null,"status":"COMPLETED","participantGroupId":49728266,"tester":{"id":493253073,"username":"test3","email":"test3@test.com","city":"круцеруцр"},"video":{"id":"0a473a6e-0cbe-417f-9e66-dee99407b696","uploadTime":"2019-10-23T11:56:32.778Z","isPrivate":false,"private":false},"profileSnapshot":{"gender":"MALE","birthday":"09.10.2000","income":0,"kids":"NONE","familyStatus":"NOT_MARRIED","socialStatus":{"value":"UNEMPLOYED"},"education":{"value":"COMMON"}}}],"testers":[{"id":493253073,"username":"test3","email":"test3@test.com","city":"круцеруцр"},{"id":493253103,"username":"test10","email":"test10@test.com","city":"укеркуерку"}],"private":false}],"testerTask":[{"id":49955743,"rating":null,"status":"COMPLETED","participantGroupId":49728266,"tester":{"id":493253073,"username":"test3","email":"test3@test.com","city":"круцеруцр"},"video":{"id":"0a473a6e-0cbe-417f-9e66-dee99407b696","uploadTime":"2019-10-23T11:56:32.778Z","isPrivate":false,"private":false},"profileSnapshot":{"gender":"MALE","birthday":"09.10.2000","income":0,"kids":"NONE","familyStatus":"NOT_MARRIED","socialStatus":{"value":"UNEMPLOYED"},"education":{"value":"COMMON"}}}],"testerType":"OUR","testType":"SITE","testerCount":5,"appName":null,"createDate":"2019-10-21T11:41:54.253Z","payment":{"coast":0},"status":"ACTIVE"},{"id":16960777,"targetSite":"https://ya.ru","introduction":"Во время исследования на экране будут появляться задания и вопросы.\n\nВ процессе выполнения заданий важно, чтобы вы размышляли вслух и проговаривали, какие сложности у вас возникают и почему. ","goal":null,"testerDescription":null,"testTitle":"фвафа","steps":[{"stepDetails":[],"orderNum":0.0,"stepType":"TEXT","question":"Найдите на сайте подходящий вам товар. Пожалуйста, объясните, почему вы сделали такой выбор?"}],"participantGroups":[{"id":49730123,"name":"dfhd","count":5,"gender":"ANY","householdIncomeMin":0,"householdIncomeMax":30000,"minAge":18,"maxAge":61,"children":"ANY","familyStatus":"ANY","educations":[{"value":"HIGH_NOT_FULL"},{"value":"MIDDLE_SPEC"},{"value":"MIDDLE_FULL"},{"value":"HIGH"},{"value":"COMMON"}],"socialStatuses":[{"value":"HOUSEWIFE"},{"value":"FREELANCER"},{"value":"UNEMPLOYED"},{"value":"SPECIALIST"},{"value":"STUDENT"},{"value":"CHIEF_DEPT"},{"value":"WORKER"}],"testerTask":[{"id":49955744,"rating":null,"status":"ACTIVE","participantGroupId":49730123,"tester":{"id":493253073,"username":"test3","email":"test3@test.com","city":"круцеруцр"},"video":null,"profileSnapshot":{"gender":"MALE","birthday":"09.10.2000","income":0,"kids":"NONE","familyStatus":"NOT_MARRIED","socialStatus":{"value":"UNEMPLOYED"},"education":{"value":"COMMON"}}},{"id":49955752,"rating":null,"status":"COMPLETED","participantGroupId":49730123,"tester":{"id":493253103,"username":"test10","email":"test10@test.com","city":"укеркуерку"},"video":{"id":"48b6131a-b05c-43a5-8aee-30ee430469be","uploadTime":"2019-10-23T12:31:20.58Z","isPrivate":false,"private":false},"profileSnapshot":{"gender":"MALE","birthday":"09.10.2000","income":0,"kids":"NONE","familyStatus":"NOT_MARRIED","socialStatus":{"value":"UNEMPLOYED"},"education":{"value":"HIGH"}}}],"testers":[{"id":493253073,"username":"test3","email":"test3@test.com","city":"круцеруцр"},{"id":493253103,"username":"test10","email":"test10@test.com","city":"укеркуерку"}],"private":false}],"testerTask":[],"testerType":"OUR","testType":"SITE","testerCount":5,"appName":null,"createDate":"2019-10-23T09:35:59.459Z","payment":{"coast":0},"status":"ACTIVE"},{"id":16960786,"targetSite":"https://wikipedia.org","introduction":"BLUBLUHBLUHBLUHBLUH","goal":null,"testerDescription":null,"testTitle":"bluhbluhbluh","steps":[{"stepDetails":[],"orderNum":0.0,"stepType":"TEXT","question":"asdsdfgdgfjyoiuiokjgfasd"}],"participantGroups":[{"id":49730124,"name":"/;alsdmk;lasdfkd;lsfkjhlfkdjh","count":5,"gender":"ANY","householdIncomeMin":0,"householdIncomeMax":55000,"minAge":18,"maxAge":61,"children":"YES","familyStatus":"ANY","educations":[{"value":"HIGH_NOT_FULL"},{"value":"MIDDLE_SPEC"},{"value":"HIGH"},{"value":"COMMON"}],"socialStatuses":[{"value":"FREELANCER"},{"value":"WORKER"},{"value":"SPECIALIST"},{"value":"CHIEF_DEPT"},{"value":"UNEMPLOYED"},{"value":"HOUSEWIFE"},{"value":"STUDENT"}],"testerTask":[],"testers":[],"private":true}],"testerTask":[],"testerType":"OUR","testType":"SITE","testerCount":5,"appName":null,"createDate":"2019-10-23T10:56:06.506Z","payment":{"coast":0},"status":"ACTIVE"},{"id":16958833,"targetSite":"https://mail.ru","introduction":"Во время исследования на экране будут появляться задания и вопросы.\n\nВ процессе выполнения заданий важно, чтобы вы размышляли вслух и проговаривали, какие сложности у вас возникают и почему. ","goal":null,"testerDescription":null,"testTitle":"Проверить эффективность сайта","steps":[{"stepDetails":[],"orderNum":0.0,"stepType":"TEXT","question":"Найдите на сайте подходящий вам товар. Пожалуйста, объясните, почему вы сделали такой выбор?"},{"stepDetails":[],"orderNum":1.0,"stepType":"TEXT","question":"Опишите свое первое впечатление от сайта."},{"stepDetails":[],"orderNum":2.0,"stepType":"TEXT","question":"Опишите свое общее впечатление от сайта: что понравилось, а что нет?"},{"stepDetails":[{"orderNum":0,"value":"Совершенно не согласен"},{"orderNum":1,"value":"Полностью согласен"},{"orderNum":2,"value":"10"}],"orderNum":3.0,"stepType":"RATING","question":"Сайт слишком сложный."},{"stepDetails":[{"orderNum":0,"value":"Совершенно не согласен"},{"orderNum":1,"value":"Полностью согласен"},{"orderNum":2,"value":"10"}],"orderNum":4.0,"stepType":"RATING","question":"На сайте слишком много несоответствий."},{"stepDetails":[{"orderNum":0,"value":"Совершенно не согласен"},{"orderNum":1,"value":"Полностью согласен"},{"orderNum":2,"value":"10"}],"orderNum":5.0,"stepType":"RATING","question":"Я буду часто использовать этот сайт."},{"stepDetails":[{"orderNum":0,"value":"Совершенно не согласен"},{"orderNum":1,"value":"Полностью согласен"},{"orderNum":2,"value":"10"}],"orderNum":6.0,"stepType":"RATING","question":"Я уверенно себя чувствовал(а), используя этот сайт."},{"stepDetails":[{"orderNum":0,"value":"0-4"},{"orderNum":1,"value":"5-9"},{"orderNum":2,"value":"10-19"},{"orderNum":3,"value":"20 и больше"}],"orderNum":7.0,"stepType":"RADIO","question":"Сколько приложений вы установили на свой телефон?"},{"stepDetails":[{"orderNum":0,"value":"Сбербанк"},{"orderNum":1,"value":"ВТБ"},{"orderNum":2,"value":"Альфа-Банк"},{"orderNum":3,"value":"Тинькофф"},{"orderNum":4,"value":"Почта Банк"},{"orderNum":5,"value":"Другое"}],"orderNum":8.0,"stepType":"RADIO","question":"Мобильными приложениями каких банков вы пользуетесь?"},{"stepDetails":[{"orderNum":0,"value":"Социальные сети"},{"orderNum":1,"value":"Игры/развлечения"},{"orderNum":2,"value":"Новости"},{"orderNum":3,"value":"Погода"},{"orderNum":4,"value":"Карты"},{"orderNum":5,"value":"Планирование (календарь, список дел)"},{"orderNum":6,"value":"Инструменты (калькулятор, переводчик, словарь и т. п.)"},{"orderNum":7,"value":"Другие"}],"orderNum":9.0,"stepType":"CHECKBOX","question":"Какие типы мобильных приложений вы используете чаще всего?"},{"stepDetails":[],"orderNum":10.0,"stepType":"ANSWER","question":"Для чего предназначен данный сайт?"},{"stepDetails":[],"orderNum":11.0,"stepType":"ANSWER","question":"Почему вы поставили такую оценку?"}],"participantGroups":[{"id":49728217,"name":"массово-состоятельный","count":10,"gender":"FEMALE","householdIncomeMin":40000,"householdIncomeMax":55000,"minAge":31,"maxAge":61,"children":"YES","familyStatus":"MARRIED","educations":[{"value":"HIGH"},{"value":"MIDDLE_SPEC"},{"value":"COMMON"},{"value":"HIGH_NOT_FULL"},{"value":"MIDDLE_FULL"}],"socialStatuses":[{"value":"FREELANCER"},{"value":"CHIEF_DEPT"},{"value":"WORKER"},{"value":"UNEMPLOYED"},{"value":"HOUSEWIFE"},{"value":"STUDENT"},{"value":"SPECIALIST"}],"testerTask":[],"testers":[],"private":true}],"testerTask":[],"testerType":"OUR","testType":"SITE","testerCount":10,"appName":null,"createDate":"2019-10-18T08:11:35.039Z","payment":{"coast":0},"status":"ACTIVE"},{"id":16958855,"targetSite":"https://wikipedia.org","introduction":"Во время исследования на экране будут появляться задания и вопросы.\n\nВ процессе выполнения заданий важно, чтобы вы размышляли вслух и проговаривали, какие сложности у вас возникают и почему. ","goal":null,"testerDescription":null,"testTitle":"1","steps":[{"stepDetails":[],"orderNum":0.0,"stepType":"TEXT","question":"Опишите свое первое впечатление от сайта."}],"participantGroups":[{"id":49728234,"name":"12345","count":5,"gender":"ANY","householdIncomeMin":0,"householdIncomeMax":55000,"minAge":18,"maxAge":61,"children":"ANY","familyStatus":"ANY","educations":[{"value":"MIDDLE_FULL"},{"value":"MIDDLE_SPEC"},{"value":"HIGH_NOT_FULL"},{"value":"HIGH"},{"value":"COMMON"}],"socialStatuses":[{"value":"UNEMPLOYED"},{"value":"WORKER"},{"value":"HOUSEWIFE"},{"value":"FREELANCER"},{"value":"CHIEF_DEPT"},{"value":"SPECIALIST"},{"value":"STUDENT"}],"testerTask":[{"id":49955678,"rating":null,"status":"COMPLETED","participantGroupId":49728234,"tester":{"id":493238331,"username":"otv","email":"otv@li.ru","city":"Moscow"},"video":{"id":"318cc802-d384-48f3-9cd8-4f01ca845a26","uploadTime":"2019-10-21T10:38:20.935Z","isPrivate":false,"private":false},"profileSnapshot":{"gender":"MALE","birthday":"10.01.1991","income":55000,"kids":"TWO","familyStatus":"NOT_MARRIED","socialStatus":{"value":"CHIEF_DEPT"},"education":{"value":"HIGH"}}},{"id":49955749,"rating":null,"status":"ACTIVE","participantGroupId":49728234,"tester":{"id":493253103,"username":"test10","email":"test10@test.com","city":"укеркуерку"},"video":null,"profileSnapshot":{"gender":"MALE","birthday":"09.10.2000","income":0,"kids":"NONE","familyStatus":"NOT_MARRIED","socialStatus":{"value":"UNEMPLOYED"},"education":{"value":"HIGH"}}},{"id":49955741,"rating":null,"status":"COMPLETED","participantGroupId":49728234,"tester":{"id":493253073,"username":"test3","email":"test3@test.com","city":"круцеруцр"},"video":{"id":"939fe2b7-6023-48d0-9aae-60838a02dba8","uploadTime":"2019-10-23T11:54:22.62Z","isPrivate":false,"private":false},"profileSnapshot":{"gender":"MALE","birthday":"09.10.2000","income":0,"kids":"NONE","familyStatus":"NOT_MARRIED","socialStatus":{"value":"UNEMPLOYED"},"education":{"value":"COMMON"}}}],"testers":[{"id":493253073,"username":"test3","email":"test3@test.com","city":"круцеруцр"},{"id":493253103,"username":"test10","email":"test10@test.com","city":"укеркуерку"},{"id":493238331,"username":"otv","email":"otv@li.ru","city":"Moscow"}],"private":false}],"testerTask":[{"id":49955741,"rating":null,"status":"COMPLETED","participantGroupId":49728234,"tester":{"id":493253073,"username":"test3","email":"test3@test.com","city":"круцеруцр"},"video":{"id":"939fe2b7-6023-48d0-9aae-60838a02dba8","uploadTime":"2019-10-23T11:54:22.62Z","isPrivate":false,"private":false},"profileSnapshot":{"gender":"MALE","birthday":"09.10.2000","income":0,"kids":"NONE","familyStatus":"NOT_MARRIED","socialStatus":{"value":"UNEMPLOYED"},"education":{"value":"COMMON"}}},{"id":49955678,"rating":null,"status":"COMPLETED","participantGroupId":49728234,"tester":{"id":493238331,"username":"otv","email":"otv@li.ru","city":"Moscow"},"video":{"id":"318cc802-d384-48f3-9cd8-4f01ca845a26","uploadTime":"2019-10-21T10:38:20.935Z","isPrivate":false,"private":false},"profileSnapshot":{"gender":"MALE","birthday":"10.01.1991","income":55000,"kids":"TWO","familyStatus":"NOT_MARRIED","socialStatus":{"value":"CHIEF_DEPT"},"education":{"value":"HIGH"}}}],"testerType":"OUR","testType":"SITE","testerCount":5,"appName":null,"createDate":"2019-10-21T10:05:37.166Z","payment":{"coast":0},"status":"ACTIVE"}]