[{"id":16960808,"targetSite":"https://pornhub.com","testTitle":"huehuehue","createDate":"2019-10-23T12:39:51.647Z"},{"id":16960806,"targetSite":"https://mail.ru","testTitle":"эффективность сайта","createDate":"2019-10-23T12:07:01.478Z"},{"id":16960805,"targetSite":"https://mail.ru","testTitle":"эффективность сайта","createDate":"2019-10-23T12:05:28.393Z"},{"id":16960804,"targetSite":"https://mail.ru","testTitle":"эффективность сайта","createDate":"2019-10-23T12:03:49.675Z"},{"id":16960803,"targetSite":"https://mail.ru","testTitle":"эффективность сайта","createDate":"2019-10-23T12:02:21.541Z"},{"id":16960802,"targetSite":"https://mail.ru","testTitle":"эффективность сайта","createDate":"2019-10-23T12:01:38.998Z"},{"id":16960801,"targetSite":"https://mail.ru","testTitle":"эффективность сайта","createDate":"2019-10-23T12:00:54.108Z"},{"id":16960800,"targetSite":"https://mail.ru","testTitle":"эффективность сайта","createDate":"2019-10-23T11:58:40.836Z"},{"id":16960799,"targetSite":"https://mail.ru","testTitle":"эффективность сайта","createDate":"2019-10-23T11:57:06.176Z"},{"id":16960798,"targetSite":"https://wikipedia.org","testTitle":"Nazvanie testa nomer 2","createDate":"2019-10-23T11:56:52.981Z"},{"id":16960797,"targetSite":"https://mail.ru","testTitle":"эффективность сайта","createDate":"2019-10-23T11:55:47.245Z"},{"id":16960796,"targetSite":"https://mail.ru","testTitle":"эффективность сайта","createDate":"2019-10-23T11:54:58.273Z"},{"id":16960795,"targetSite":"https://mail.ru","testTitle":"эффективность сайта","createDate":"2019-10-23T11:53:15.143Z"},{"id":16960793,"targetSite":"https://mail.ru","testTitle":"эффективность сайта","createDate":"2019-10-23T11:51:56.201Z"},{"id":16960792,"targetSite":"https://wikipedia.org","testTitle":"Nazvanie Testa","createDate":"2019-10-23T11:49:29.193Z"},{"id":16960791,"targetSite":"https://mail.ru","testTitle":"эффективность сайта","createDate":"2019-10-23T11:48:29.467Z"},{"id":16960790,"targetSite":"https://wikipedia.org","testTitle":"123","createDate":"2019-10-23T11:45:48.01Z"},{"id":16960789,"targetSite":"https://mail.ru","testTitle":"эффективность сайта","createDate":"2019-10-23T11:37:03.988Z"},{"id":16960788,"targetSite":"https://mail.ru","testTitle":"эффективность сайта","createDate":"2019-10-23T11:35:51.332Z"},{"id":16960787,"targetSite":"https://mail.ru","testTitle":"эффективность сайта","createDate":"2019-10-23T11:01:12.474Z"},{"id":16960785,"targetSite":"https://mail.ru","testTitle":"эффективность сайта","createDate":"2019-10-23T10:07:55.348Z"},{"id":16960784,"targetSite":"https://mail.ru","testTitle":"эффективность сайта","createDate":"2019-10-23T10:01:14.331Z"},{"id":16960783,"targetSite":"https://mail.ru","testTitle":"эффективность сайта","createDate":"2019-10-23T09:58:26.3Z"},{"id":16960782,"targetSite":"https://mail.ru","testTitle":"эффективность сайта","createDate":"2019-10-23T09:53:12.786Z"},{"id":16960781,"targetSite":"https://mail.ru","testTitle":"эффективность сайта","createDate":"2019-10-23T09:51:46.166Z"},{"id":16960780,"targetSite":"https://mail.ru","testTitle":"эффективность сайта","createDate":"2019-10-23T09:50:02.876Z"},{"id":16960779,"targetSite":"https://mail.ru","testTitle":"эффективность сайта","createDate":"2019-10-23T09:48:28.425Z"},{"id":16960778,"targetSite":"https://mail.ru","testTitle":"эффективность сайта","createDate":"2019-10-23T09:46:55.268Z"},{"id":16960776,"targetSite":"https://mail.ru","testTitle":"эффективность сайта","createDate":"2019-10-23T08:54:15.803Z"},{"id":16960775,"targetSite":"https://mail.ru","testTitle":"эффективность сайта","createDate":"2019-10-23T08:42:36.628Z"},{"id":16960774,"targetSite":"https://mail.ru","testTitle":"эффективность сайта","createDate":"2019-10-23T08:40:08.199Z"},{"id":16960773,"targetSite":"https://mail.ru","testTitle":"эффективность сайта","createDate":"2019-10-23T08:38:20.524Z"},{"id":16960772,"targetSite":"https://mail.ru","testTitle":"эффективность сайта","createDate":"2019-10-23T08:36:44.713Z"},{"id":16960771,"targetSite":"https://mail.ru","testTitle":"эффективность сайта","createDate":"2019-10-23T08:29:42.205Z"},{"id":16960770,"targetSite":"https://mail.ru","testTitle":"эффективность сайта","createDate":"2019-10-23T08:21:03.797Z"},{"id":16960769,"targetSite":"https://mail.ru","testTitle":"эффективность сайта","createDate":"2019-10-23T08:20:13.809Z"},{"id":16960768,"targetSite":"https://mail.ru","testTitle":"эффективность сайта","createDate":"2019-10-23T08:19:40.131Z"},{"id":16960767,"targetSite":"https://mail.ru","testTitle":"эффективность сайта","createDate":"2019-10-23T08:18:59.218Z"},{"id":16960766,"targetSite":"https://mail.ru","testTitle":"эффективность сайта","createDate":"2019-10-23T08:14:34.268Z"},{"id":16960765,"targetSite":"https://mail.ru","testTitle":"эффективность сайта","createDate":"2019-10-23T08:12:26.939Z"},{"id":16960764,"targetSite":"https://mail.ru","testTitle":"эффективность сайта","createDate":"2019-10-23T08:11:39.39Z"},{"id":16960763,"targetSite":"https://mail.ru","testTitle":"эффективность сайта","createDate":"2019-10-23T08:10:53.789Z"},{"id":16960762,"targetSite":"https://mail.ru","testTitle":"эффективность сайта","createDate":"2019-10-23T08:08:06.371Z"},{"id":16960761,"targetSite":"https://mail.ru","testTitle":"эффективность сайта","createDate":"2019-10-23T08:04:56.598Z"},{"id":16960760,"targetSite":"https://mail.ru","testTitle":"эффективность сайта","createDate":"2019-10-23T07:54:13.902Z"},{"id":16960759,"targetSite":"https://mail.ru","testTitle":"эффективность сайта","createDate":"2019-10-23T07:34:17.111Z"},{"id":16959045,"targetSite":"https://mail.ru","testTitle":"эффективность сайта","createDate":"2019-10-22T12:48:59.91Z"},{"id":16959044,"targetSite":"https://mail.ru","testTitle":"эффективность сайта","createDate":"2019-10-22T12:44:46.394Z"},{"id":16959043,"targetSite":"https://mail.ru","testTitle":"эффективность сайта","createDate":"2019-10-22T12:43:27.982Z"},{"id":16959042,"targetSite":"https://mail.ru","testTitle":"эффективность сайта","createDate":"2019-10-22T12:37:05.816Z"},{"id":16959041,"targetSite":"https://mail.ru","testTitle":"эффективность сайта","createDate":"2019-10-22T12:35:42.413Z"},{"id":16958950,"targetSite":"https://mail.ru","testTitle":"эффективность сайта","createDate":"2019-10-22T12:33:38.352Z"},{"id":16958910,"targetSite":"https://mail.ru","testTitle":"эффективность сайта","createDate":"2019-10-22T12:14:32.38Z"},{"id":16958909,"targetSite":"https://mail.ru","testTitle":"эффективность сайта","createDate":"2019-10-22T12:04:35.904Z"},{"id":16958908,"targetSite":"https://ya.ru","testTitle":"drewgfwe","createDate":"2019-10-22T12:00:46.211Z"},{"id":16958907,"targetSite":"https://mail.ru","testTitle":"эффективность сайта","createDate":"2019-10-22T11:54:28.368Z"},{"id":16958906,"targetSite":"https://mail.ru","testTitle":"эффективность сайта","createDate":"2019-10-22T11:48:39.333Z"},{"id":16958905,"targetSite":"https://mail.ru","testTitle":"эффективность сайта","createDate":"2019-10-22T11:46:38.997Z"},{"id":16958904,"targetSite":"https://mail.google.com","testTitle":"кг","createDate":"2019-10-22T11:24:39.161Z"},{"id":16958902,"targetSite":"https://wikipedia.org","testTitle":"we","createDate":"2019-10-21T14:22:08.446Z"},{"id":16958900,"targetSite":"https://mail.ru","testTitle":"1","createDate":"2019-10-21T13:21:55.825Z"},{"id":16958899,"targetSite":"https://mail.ru","testTitle":"1","createDate":"2019-10-21T13:17:41.712Z"},{"id":16958891,"targetSite":"https://mail.ru","testTitle":"123213213","createDate":"2019-10-21T13:10:23.911Z"},{"id":16958890,"targetSite":"https://mail.ru","testTitle":"1","createDate":"2019-10-21T13:03:46.105Z"},{"id":16958889,"targetSite":"https://mail.ru","testTitle":"1","createDate":"2019-10-21T12:48:09.118Z"},{"id":16958885,"targetSite":"https://mail.ru","testTitle":"1","createDate":"2019-10-21T12:03:49.912Z"},{"id":16958884,"targetSite":"https://mail.ru","testTitle":"1","createDate":"2019-10-21T12:01:10.76Z"},{"id":16958849,"targetSite":"https://wikipedia.org","testTitle":"Naydi chicago","createDate":"2019-10-21T07:47:02.299Z"},{"id":16958847,"targetSite":"https://mail.ru","testTitle":"proverka testa","createDate":"2019-10-21T07:22:20.607Z"},{"id":16958832,"targetSite":"https://drive.google.com/file/d/1sMNuq8dR9B5PVOk17ETeNDhEcPGGyiPl/view","testTitle":"Тест рекламного изображения","createDate":"2019-10-18T07:27:40.072Z"},{"id":16958831,"targetSite":"https://www.youtube.com/watch?v=Q2CnE_Nlsbc","testTitle":"Тест видео","createDate":"2019-10-18T07:27:40.071Z"},{"id":16958830,"targetSite":"https://uxcrowd.ru","testTitle":"Тест лендинга","createDate":"2019-10-18T07:27:40.068Z"}]