[{"id":16958856,"targetSite":"https://wikipedia.org","introduction":"Во время исследования на экране будут появляться задания и вопросы.\n\nВ процессе выполнения заданий важно, чтобы вы размышляли вслух и проговаривали, какие сложности у вас возникают и почему. ","goal":null,"testerDescription":null,"testTitle":"еще один по ссылке","steps":[{"stepDetails":[],"orderNum":0.0,"stepType":"TEXT","question":"Пожалуйста, ничего не делай и нажми \"закончить\" сразу"}],"participantGroups":[],"testerTask":[{"id":49955707,"rating":null,"status":"COMPLETED","participantGroupId":null,"tester":{"id":493253169,"username":"sideTester1571655886442","email":"s.fomichev@pflb.ru","city":null},"video":{"id":"cbd3a0ae-b96d-4809-871e-793443a9b63b","uploadTime":"2019-10-21T11:06:30.826Z","isPrivate":false,"private":false},"profileSnapshot":null},{"id":49955674,"rating":null,"status":"COMPLETED","participantGroupId":null,"tester":{"id":493253155,"username":"sideTester1571648666140","email":"akunamatata@mail.ru","city":null},"video":{"id":"2f74b2aa-70c1-4f1a-806b-41aa5f8acf0f","uploadTime":"2019-10-21T10:25:49.583Z","isPrivate":false,"private":false},"profileSnapshot":null},{"id":49955714,"rating":null,"status":"COMPLETED","participantGroupId":null,"tester":{"id":493253126,"username":"test14","email":"test14@test.com","city":null},"video":{"id":"7e148e7a-777a-4d57-a8b7-dd44ff781ad5","uploadTime":"2019-10-21T11:16:50Z","isPrivate":false,"private":false},"profileSnapshot":null},{"id":49955675,"rating":null,"status":"COMPLETED","participantGroupId":null,"tester":{"id":493253162,"username":"sideTester1571653831700","email":"sudygfub@mail.ru","city":null},"video":{"id":"67533849-f95b-4e08-8245-35991d987eb2","uploadTime":"2019-10-21T10:31:55.709Z","isPrivate":false,"private":false},"profileSnapshot":null},{"id":49955680,"rating":null,"status":"COMPLETED","participantGroupId":null,"tester":{"id":493253139,"username":"sideTester1571644950196","email":"stepaden@mail.ru","city":null},"video":{"id":"a0d13181-9a10-41b7-b018-85349aabf7bd","uploadTime":"2019-10-21T10:44:39.498Z","isPrivate":false,"private":false},"profileSnapshot":null},{"id":49955676,"rating":null,"status":"COMPLETED","participantGroupId":null,"tester":{"id":493253163,"username":"sideTester1571654022842","email":"jeyhgb@mail.ru","city":null},"video":{"id":"ed9285e2-d2da-4805-ad02-a636f3079f53","uploadTime":"2019-10-21T10:34:18.517Z","isPrivate":false,"private":false},"profileSnapshot":null}],"testerType":"THEIR","testType":"SITE","testerCount":1094787,"appName":null,"createDate":"2019-10-21T10:24:05.924Z","payment":{"coast":0},"status":"ACTIVE"},{"id":16958854,"targetSite":"https://mail.ru","introduction":"Во время исследования на экране будут появляться задания и вопросы.\n\nВ процессе выполнения заданий важно, чтобы вы размышляли вслух и проговаривали,1 какие сложности у вас возникают и почему. ","goal":null,"testerDescription":null,"testTitle":"1","steps":[{"stepDetails":[],"orderNum":0.0,"stepType":"TEXT","question":"Опишите свое первое впечатление от сайта."}],"participantGroups":[{"id":49728233,"name":"1","count":5,"gender":"ANY","householdIncomeMin":0,"householdIncomeMax":55000,"minAge":18,"maxAge":61,"children":"ANY","familyStatus":"ANY","educations":[{"value":"MIDDLE_FULL"},{"value":"MIDDLE_SPEC"},{"value":"HIGH_NOT_FULL"},{"value":"COMMON"},{"value":"HIGH"}],"socialStatuses":[{"value":"FREELANCER"},{"value":"HOUSEWIFE"},{"value":"UNEMPLOYED"},{"value":"CHIEF_DEPT"},{"value":"WORKER"},{"value":"STUDENT"},{"value":"SPECIALIST"}],"testerTask":[{"id":49955713,"rating":null,"status":"COMPLETED","participantGroupId":49728233,"tester":{"id":493253073,"username":"test3","email":"test3@test.com","city":"круцеруцр"},"video":{"id":"4f1e9702-fbea-4c9d-bef2-eab6d2642b40","uploadTime":"2019-10-21T11:15:52.781Z","isPrivate":false,"private":false},"profileSnapshot":{"gender":"MALE","birthday":"09.10.2000","income":0,"kids":"NONE","familyStatus":"NOT_MARRIED","socialStatus":{"value":"UNEMPLOYED"},"education":{"value":"COMMON"}}},{"id":49955681,"rating":null,"status":"ACTIVE","participantGroupId":49728233,"tester":{"id":493253103,"username":"test10","email":"test10@test.com","city":"укеркуерку"},"video":null,"profileSnapshot":{"gender":"MALE","birthday":"09.10.2000","income":0,"kids":"NONE","familyStatus":"NOT_MARRIED","socialStatus":{"value":"UNEMPLOYED"},"education":{"value":"HIGH"}}}],"testers":[{"id":493253073,"username":"test3","email":"test3@test.com","city":"круцеруцр"},{"id":493253103,"username":"test10","email":"test10@test.com","city":"укеркуерку"}],"private":false}],"testerTask":[{"id":49955713,"rating":null,"status":"COMPLETED","participantGroupId":49728233,"tester":{"id":493253073,"username":"test3","email":"test3@test.com","city":"круцеруцр"},"video":{"id":"4f1e9702-fbea-4c9d-bef2-eab6d2642b40","uploadTime":"2019-10-21T11:15:52.781Z","isPrivate":false,"private":false},"profileSnapshot":{"gender":"MALE","birthday":"09.10.2000","income":0,"kids":"NONE","familyStatus":"NOT_MARRIED","socialStatus":{"value":"UNEMPLOYED"},"education":{"value":"COMMON"}}}],"testerType":"OUR","testType":"SITE","testerCount":5,"appName":null,"createDate":"2019-10-21T09:43:56.402Z","payment":{"coast":0},"status":"ACTIVE"},{"id":16958855,"targetSite":"https://wikipedia.org","introduction":"Во время исследования на экране будут появляться задания и вопросы.\n\nВ процессе выполнения заданий важно, чтобы вы размышляли вслух и проговаривали, какие сложности у вас возникают и почему. ","goal":null,"testerDescription":null,"testTitle":"1","steps":[{"stepDetails":[],"orderNum":0.0,"stepType":"TEXT","question":"Опишите свое первое впечатление от сайта."}],"participantGroups":[{"id":49728234,"name":"12345","count":5,"gender":"ANY","householdIncomeMin":0,"householdIncomeMax":55000,"minAge":18,"maxAge":61,"children":"ANY","familyStatus":"ANY","educations":[{"value":"MIDDLE_SPEC"},{"value":"HIGH_NOT_FULL"},{"value":"HIGH"},{"value":"COMMON"},{"value":"MIDDLE_FULL"}],"socialStatuses":[{"value":"SPECIALIST"},{"value":"WORKER"},{"value":"STUDENT"},{"value":"UNEMPLOYED"},{"value":"HOUSEWIFE"},{"value":"FREELANCER"},{"value":"CHIEF_DEPT"}],"testerTask":[{"id":49955678,"rating":null,"status":"COMPLETED","participantGroupId":49728234,"tester":{"id":493238331,"username":"otv","email":"otv@li.ru","city":"Moscow"},"video":{"id":"318cc802-d384-48f3-9cd8-4f01ca845a26","uploadTime":"2019-10-21T10:38:20.935Z","isPrivate":false,"private":false},"profileSnapshot":{"gender":"MALE","birthday":"10.01.1991","income":55000,"kids":"TWO","familyStatus":"NOT_MARRIED","socialStatus":{"value":"CHIEF_DEPT"},"education":{"value":"HIGH"}}},{"id":49955682,"rating":null,"status":"ACTIVE","participantGroupId":49728234,"tester":{"id":493253103,"username":"test10","email":"test10@test.com","city":"укеркуерку"},"video":null,"profileSnapshot":{"gender":"MALE","birthday":"09.10.2000","income":0,"kids":"NONE","familyStatus":"NOT_MARRIED","socialStatus":{"value":"UNEMPLOYED"},"education":{"value":"HIGH"}}},{"id":49955709,"rating":null,"status":"ACTIVE","participantGroupId":49728234,"tester":{"id":493253073,"username":"test3","email":"test3@test.com","city":"круцеруцр"},"video":null,"profileSnapshot":{"gender":"MALE","birthday":"09.10.2000","income":0,"kids":"NONE","familyStatus":"NOT_MARRIED","socialStatus":{"value":"UNEMPLOYED"},"education":{"value":"COMMON"}}}],"testers":[{"id":493253073,"username":"test3","email":"test3@test.com","city":"круцеруцр"},{"id":493253103,"username":"test10","email":"test10@test.com","city":"укеркуерку"},{"id":493238331,"username":"otv","email":"otv@li.ru","city":"Moscow"}],"private":false}],"testerTask":[{"id":49955678,"rating":null,"status":"COMPLETED","participantGroupId":49728234,"tester":{"id":493238331,"username":"otv","email":"otv@li.ru","city":"Moscow"},"video":{"id":"318cc802-d384-48f3-9cd8-4f01ca845a26","uploadTime":"2019-10-21T10:38:20.935Z","isPrivate":false,"private":false},"profileSnapshot":{"gender":"MALE","birthday":"10.01.1991","income":55000,"kids":"TWO","familyStatus":"NOT_MARRIED","socialStatus":{"value":"CHIEF_DEPT"},"education":{"value":"HIGH"}}}],"testerType":"OUR","testType":"SITE","testerCount":5,"appName":null,"createDate":"2019-10-21T10:05:37.166Z","payment":{"coast":0},"status":"ACTIVE"},{"id":16958833,"targetSite":"https://mail.ru","introduction":"Во время исследования на экране будут появляться задания и вопросы.\n\nВ процессе выполнения заданий важно, чтобы вы размышляли вслух и проговаривали, какие сложности у вас возникают и почему. ","goal":null,"testerDescription":null,"testTitle":"Проверить эффективность сайта","steps":[{"stepDetails":[],"orderNum":0.0,"stepType":"TEXT","question":"Найдите на сайте подходящий вам товар. Пожалуйста, объясните, почему вы сделали такой выбор?"},{"stepDetails":[],"orderNum":1.0,"stepType":"TEXT","question":"Опишите свое первое впечатление от сайта."},{"stepDetails":[],"orderNum":2.0,"stepType":"TEXT","question":"Опишите свое общее впечатление от сайта: что понравилось, а что нет?"},{"stepDetails":[{"orderNum":0,"value":"Совершенно не согласен"},{"orderNum":1,"value":"Полностью согласен"},{"orderNum":2,"value":"10"}],"orderNum":3.0,"stepType":"RATING","question":"Сайт слишком сложный."},{"stepDetails":[{"orderNum":0,"value":"Совершенно не согласен"},{"orderNum":1,"value":"Полностью согласен"},{"orderNum":2,"value":"10"}],"orderNum":4.0,"stepType":"RATING","question":"На сайте слишком много несоответствий."},{"stepDetails":[{"orderNum":0,"value":"Совершенно не согласен"},{"orderNum":1,"value":"Полностью согласен"},{"orderNum":2,"value":"10"}],"orderNum":5.0,"stepType":"RATING","question":"Я буду часто использовать этот сайт."},{"stepDetails":[{"orderNum":0,"value":"Совершенно не согласен"},{"orderNum":1,"value":"Полностью согласен"},{"orderNum":2,"value":"10"}],"orderNum":6.0,"stepType":"RATING","question":"Я уверенно себя чувствовал(а), используя этот сайт."},{"stepDetails":[{"orderNum":0,"value":"0-4"},{"orderNum":1,"value":"5-9"},{"orderNum":2,"value":"10-19"},{"orderNum":3,"value":"20 и больше"}],"orderNum":7.0,"stepType":"RADIO","question":"Сколько приложений вы установили на свой телефон?"},{"stepDetails":[{"orderNum":0,"value":"Сбербанк"},{"orderNum":1,"value":"ВТБ"},{"orderNum":2,"value":"Альфа-Банк"},{"orderNum":3,"value":"Тинькофф"},{"orderNum":4,"value":"Почта Банк"},{"orderNum":5,"value":"Другое"}],"orderNum":8.0,"stepType":"RADIO","question":"Мобильными приложениями каких банков вы пользуетесь?"},{"stepDetails":[{"orderNum":0,"value":"Социальные сети"},{"orderNum":1,"value":"Игры/развлечения"},{"orderNum":2,"value":"Новости"},{"orderNum":3,"value":"Погода"},{"orderNum":4,"value":"Карты"},{"orderNum":5,"value":"Планирование (календарь, список дел)"},{"orderNum":6,"value":"Инструменты (калькулятор, переводчик, словарь и т. п.)"},{"orderNum":7,"value":"Другие"}],"orderNum":9.0,"stepType":"CHECKBOX","question":"Какие типы мобильных приложений вы используете чаще всего?"},{"stepDetails":[],"orderNum":10.0,"stepType":"ANSWER","question":"Для чего предназначен данный сайт?"},{"stepDetails":[],"orderNum":11.0,"stepType":"ANSWER","question":"Почему вы поставили такую оценку?"}],"participantGroups":[{"id":49728217,"name":"массово-состоятельный","count":10,"gender":"FEMALE","householdIncomeMin":40000,"householdIncomeMax":55000,"minAge":31,"maxAge":61,"children":"YES","familyStatus":"MARRIED","educations":[{"value":"HIGH_NOT_FULL"},{"value":"MIDDLE_FULL"},{"value":"COMMON"},{"value":"MIDDLE_SPEC"},{"value":"HIGH"}],"socialStatuses":[{"value":"FREELANCER"},{"value":"SPECIALIST"},{"value":"CHIEF_DEPT"},{"value":"UNEMPLOYED"},{"value":"HOUSEWIFE"},{"value":"STUDENT"},{"value":"WORKER"}],"testerTask":[],"testers":[],"private":true}],"testerTask":[],"testerType":"OUR","testType":"SITE","testerCount":10,"appName":null,"createDate":"2019-10-18T08:11:35.039Z","payment":{"coast":0},"status":"ACTIVE"},{"id":16958877,"targetSite":"https://mail.ru","introduction":"Во время исследования на экране будут появляться задания и вопросы.\n\nВ процессе выполнения заданий важно, чтобы вы размышляли вслух и проговаривали, какие сложности у вас возникают и почему. ","goal":null,"testerDescription":null,"testTitle":"1","steps":[{"stepDetails":[],"orderNum":0.0,"stepType":"TEXT","question":"Найдите на сайте подходящий вам товар. Пожалуйста, объясните, почему вы сделали такой выбор?"}],"participantGroups":[{"id":49728261,"name":"1","count":5,"gender":"ANY","householdIncomeMin":0,"householdIncomeMax":55000,"minAge":18,"maxAge":61,"children":"ANY","familyStatus":"ANY","educations":[{"value":"HIGH_NOT_FULL"},{"value":"MIDDLE_SPEC"},{"value":"COMMON"},{"value":"HIGH"},{"value":"MIDDLE_FULL"}],"socialStatuses":[{"value":"STUDENT"},{"value":"HOUSEWIFE"},{"value":"UNEMPLOYED"},{"value":"FREELANCER"},{"value":"WORKER"},{"value":"CHIEF_DEPT"},{"value":"SPECIALIST"}],"testerTask":[{"id":49955715,"rating":null,"status":"COMPLETED","participantGroupId":49728261,"tester":{"id":493253073,"username":"test3","email":"test3@test.com","city":"круцеруцр"},"video":{"id":"3e4e26fc-814b-4305-9b6a-bd66b37a001b","uploadTime":"2019-10-21T11:19:24.78Z","isPrivate":false,"private":false},"profileSnapshot":{"gender":"MALE","birthday":"09.10.2000","income":0,"kids":"NONE","familyStatus":"NOT_MARRIED","socialStatus":{"value":"UNEMPLOYED"},"education":{"value":"COMMON"}}}],"testers":[{"id":493253073,"username":"test3","email":"test3@test.com","city":"круцеруцр"}],"private":false}],"testerTask":[{"id":49955715,"rating":null,"status":"COMPLETED","participantGroupId":49728261,"tester":{"id":493253073,"username":"test3","email":"test3@test.com","city":"круцеруцр"},"video":{"id":"3e4e26fc-814b-4305-9b6a-bd66b37a001b","uploadTime":"2019-10-21T11:19:24.78Z","isPrivate":false,"private":false},"profileSnapshot":{"gender":"MALE","birthday":"09.10.2000","income":0,"kids":"NONE","familyStatus":"NOT_MARRIED","socialStatus":{"value":"UNEMPLOYED"},"education":{"value":"COMMON"}}}],"testerType":"OUR","testType":"SITE","testerCount":5,"appName":null,"createDate":"2019-10-21T11:07:08.251Z","payment":{"coast":0},"status":"ACTIVE"},{"id":16958853,"targetSite":"https://wikipedia.org","introduction":"Во время исследования на экране будут появляться задания и вопросы.\n\nВ процессе выполнения заданий важно, чтобы вы размышляли вслух и проговаривали, какие сложности у вас возникают и почему. ","goal":null,"testerDescription":null,"testTitle":"test1","steps":[{"stepDetails":[],"orderNum":0.0,"stepType":"TEXT","question":"1"}],"participantGroups":[{"id":49728232,"name":"1","count":5,"gender":"ANY","householdIncomeMin":0,"householdIncomeMax":55000,"minAge":18,"maxAge":61,"children":"ANY","familyStatus":"ANY","educations":[{"value":"MIDDLE_SPEC"},{"value":"MIDDLE_FULL"},{"value":"HIGH"},{"value":"COMMON"},{"value":"HIGH_NOT_FULL"}],"socialStatuses":[{"value":"FREELANCER"},{"value":"SPECIALIST"},{"value":"HOUSEWIFE"},{"value":"CHIEF_DEPT"},{"value":"WORKER"},{"value":"UNEMPLOYED"},{"value":"STUDENT"}],"testerTask":[{"id":49955679,"rating":null,"status":"COMPLETED","participantGroupId":49728232,"tester":{"id":493253103,"username":"test10","email":"test10@test.com","city":"укеркуерку"},"video":{"id":"56a4a676-49ca-42a7-a02f-fa8eae684d30","uploadTime":"2019-10-21T10:41:04.939Z","isPrivate":false,"private":false},"profileSnapshot":{"gender":"MALE","birthday":"09.10.2000","income":0,"kids":"NONE","familyStatus":"NOT_MARRIED","socialStatus":{"value":"UNEMPLOYED"},"education":{"value":"HIGH"}}},{"id":49955710,"rating":null,"status":"ACTIVE","participantGroupId":49728232,"tester":{"id":493253073,"username":"test3","email":"test3@test.com","city":"круцеруцр"},"video":null,"profileSnapshot":{"gender":"MALE","birthday":"09.10.2000","income":0,"kids":"NONE","familyStatus":"NOT_MARRIED","socialStatus":{"value":"UNEMPLOYED"},"education":{"value":"COMMON"}}}],"testers":[{"id":493253073,"username":"test3","email":"test3@test.com","city":"круцеруцр"},{"id":493253103,"username":"test10","email":"test10@test.com","city":"укеркуерку"}],"private":false}],"testerTask":[{"id":49955679,"rating":null,"status":"COMPLETED","participantGroupId":49728232,"tester":{"id":493253103,"username":"test10","email":"test10@test.com","city":"укеркуерку"},"video":{"id":"56a4a676-49ca-42a7-a02f-fa8eae684d30","uploadTime":"2019-10-21T10:41:04.939Z","isPrivate":false,"private":false},"profileSnapshot":{"gender":"MALE","birthday":"09.10.2000","income":0,"kids":"NONE","familyStatus":"NOT_MARRIED","socialStatus":{"value":"UNEMPLOYED"},"education":{"value":"HIGH"}}}],"testerType":"OUR","testType":"SITE","testerCount":5,"appName":null,"createDate":"2019-10-21T08:59:42.557Z","payment":{"coast":0},"status":"ACTIVE"},{"id":16958846,"targetSite":"https://wikipedia.com","introduction":"Во время исследования на экране будут появляться задания и вопросы.\n\nВ процессе выполнения заданий важно, чтобы вы размышляли вслух и проговаривали, какие сложности у вас возникают и почему. ","goal":null,"testerDescription":null,"testTitle":"тест по ссылке","steps":[{"stepDetails":[],"orderNum":0.0,"stepType":"TEXT","question":"Найти дерево"}],"participantGroups":[],"testerTask":[{"id":49955662,"rating":null,"status":"COMPLETED","participantGroupId":null,"tester":{"id":493253100,"username":"test200007","email":"test200007@test.com","city":null},"video":{"id":"a5e6a189-9830-4a8f-8a5a-f5705c60b5a3","uploadTime":"2019-10-21T07:43:43.022Z","isPrivate":false,"private":false},"profileSnapshot":null}],"testerType":"THEIR","testType":"SITE","testerCount":5,"appName":null,"createDate":"2019-10-21T07:21:05.984Z","payment":{"coast":0},"status":"ACTIVE"},{"id":16958850,"targetSite":"https://ru.wikipedia.org/","introduction":"Во время исследования на экране будут появляться задания и вопросы.\n\nВ процессе выполнения заданий важно, чтобы вы размышляли вслух и проговаривали, какие сложности у вас возникают и почему. \n\nНажми че-нить и будешь молодцом","goal":null,"testerDescription":null,"testTitle":"другой тест по ссылке","steps":[{"stepDetails":[],"orderNum":0.0,"stepType":"TEXT","question":"Нажми себе на носик, котёночек и скажи какие твои ощущения, википедия не нужна - она лишь иллюзия для того, чтобы ты мог дать волю своим чувствам и действиям. Вперёд, навстречу своему носику!!!! "}],"participantGroups":[],"testerTask":[{"id":49955663,"rating":null,"status":"COMPLETED","participantGroupId":null,"tester":{"id":493252981,"username":"sideTester1568376033120","email":"asdad@mail.ru","city":null},"video":{"id":"0a1442d7-308d-42fb-8e79-a44925f11ae4","uploadTime":"2019-10-21T07:58:25.956Z","isPrivate":false,"private":false},"profileSnapshot":null},{"id":49955667,"rating":null,"status":"COMPLETED","participantGroupId":null,"tester":{"id":493253079,"username":"test5","email":"test5@test.com","city":"Moscow"},"video":{"id":"73ee9183-6d28-41f7-9f95-83c8879bb9e2","uploadTime":"2019-10-21T08:56:11.305Z","isPrivate":false,"private":false},"profileSnapshot":null},{"id":49955665,"rating":null,"status":"COMPLETED","participantGroupId":null,"tester":{"id":493253139,"username":"sideTester1571644950196","email":"stepaden@mail.ru","city":null},"video":{"id":"1548ecef-cfa5-4d8a-9970-818b506bf817","uploadTime":"2019-10-21T08:10:29.492Z","isPrivate":false,"private":false},"profileSnapshot":null}],"testerType":"THEIR","testType":"SITE","testerCount":10000000,"appName":null,"createDate":"2019-10-21T07:49:15.138Z","payment":{"coast":0},"status":"ACTIVE"},{"id":16958837,"targetSite":"https://mail.ru","introduction":"Во время исследования на экране будут появляться задания и вопросы.\n\nВ процессе выполнения заданий важно, чтобы вы размышляли вслух и проговаривали, какие сложности у вас возникают и почему. ","goal":null,"testerDescription":null,"testTitle":"проверка работоспособности сайта","steps":[{"stepDetails":[],"orderNum":0.0,"stepType":"TEXT","question":"Опишите свое первое впечатление от сайта."}],"participantGroups":[{"id":49728221,"name":"массово-состоятельный","count":10,"gender":"FEMALE","householdIncomeMin":15000,"householdIncomeMax":55000,"minAge":29,"maxAge":61,"children":"YES","familyStatus":"MARRIED","educations":[{"value":"HIGH"},{"value":"MIDDLE_SPEC"},{"value":"HIGH_NOT_FULL"},{"value":"COMMON"},{"value":"MIDDLE_FULL"}],"socialStatuses":[{"value":"STUDENT"},{"value":"UNEMPLOYED"},{"value":"SPECIALIST"},{"value":"HOUSEWIFE"},{"value":"WORKER"},{"value":"FREELANCER"},{"value":"CHIEF_DEPT"}],"testerTask":[],"testers":[],"private":true}],"testerTask":[],"testerType":"OUR","testType":"SITE","testerCount":10,"appName":null,"createDate":"2019-10-18T08:38:13.032Z","payment":{"coast":0},"status":"ACTIVE"}]