{"videoId":null,"email":null,"taskId":49955707,"fileName":"2019-10-21-11-06-30-49955707-blob.webm","createTime":null,"customerEmail":null,"site":"https://wikipedia.org","rating":null,"notes":[],"isPrivate":false,"isOwner":true,"posterPath":null,"insights":[],"profileSnapshot":{"id":198701,"education":"ANY","income":20000,"socialStatus":"ANY","familyStatus":null,"kids":null,"birthday":null,"gender":null},"systemInfoSnapshot":{"id":4663,"archName":"x86_64","processorModel":"Intel(R) Core(TM) i7-7700HQ CPU @ 2.80GHz","numOfProcessors":"8","os":"Windows NT 10.0  Win64","browserVersion":"Chrome 77.0.3865.120","screenResolution":"1536x864","geoLocation":null},"testerEmail":"s.fomichev@pflb.ru","testerType":"THEIR","owner":true,"private":false}