{"id":16958846,"url":"https://wikipedia.com","site":"https://wikipedia.com","type":"SITE","testertype":"THEIR","requirements":"Во время исследования на экране будут появляться задания и вопросы.\n\nВ процессе выполнения заданий важно, чтобы вы размышляли вслух и проговаривали, какие сложности у вас возникают и почему. ","scenario":{"steps":[{"stepDetails":[{"orderNum":0,"value":"Найти дерево"}],"orderNum":0.0,"stepType":"TEXT","id":32291}]},"steps":[{"stepDetails":[],"orderNum":0.0,"stepType":"TEXT","id":32291,"question":"Найти дерево"}]}