{"url":"ru.wikipedia.org","numPages":"1 573 000","views":188323030,"name":"Русский","slogan":"Свободная энциклопедия","entries":"статей","siteName":"Википедия","lang":"ru","latin":"Russkiy","language-button-text":"Читайте Википедию на своём языке","footer-description":"Википедия расположена на серверах Фонда Викимедиа — некоммерческой организации, которая также обеспечивает работу ряда других проектов.","app-links":{"title":"Скачать Википедию под Андроид или iOS","description":"С помощью официального мобильного приложения Википедии вы сможете сохранить статьи в списках для чтения офлайн, синхронизировать списки на различных устройствах и др.","url":"https://en.wikipedia.org/wiki/List_of_Wikipedia_mobile_applications"},"license":"Эта страница доступна под <a href=\"https://creativecommons.org/licenses/by-sa/3.0/\">лицензией Creative Commons Attribution-ShareAlike</a>","terms":"Условия использования","Privacy Policy":"Политика конфиденциальности","terms-link":"https://meta.wikimedia.org/wiki/Terms_of_use/ru","privacy-policy-link":"https://meta.wikimedia.org/wiki/Privacy_policy/ru","wiki":{"name":"Википедия","slogan":"Свободная энциклопедия","entries":"статей"},"wiktionary":{"name":"Викисловарь","slogan":"Свободный словарь","entries":"статей"},"wikibooks":{"name":"Викиучебник","slogan":"Свободные учебники","entries":"учебников"},"wikinews":{"name":"Викиновости","slogan":"Свободный источник новостей","entries":"статей","create":"Добавить новость"},"wikiquote":{"name":"Викицитатник","slogan":"Свободная коллекция цитат","entries":"статей"},"wikisource":{"name":"Викитека","slogan":"Свободная библиотека"},"wikiversity":{"name":"Викиверситет","slogan":"Свободные учебные курсы","entries":"образовательных материалов"},"wikivoyage":{"name":"Викигид","slogan":"Свободный путеводитель"},"commons":{"name":"Викисклад","slogan":"Свободные фотографии и не только"},"wikispecies":{"name":"Викивиды","slogan":"Свободный каталог видов"},"wikidata":{"name":"Викиданные","slogan":"Свободная база знаний"},"mediawiki":{"name":"MediaWiki","slogan":"Свободный и открытый вики-движок"},"metawiki":{"name":"Мета-вики","slogan":"Координация и документация сообщества"}}