{"id":16958850,"url":"https://ru.wikipedia.org/","site":"https://ru.wikipedia.org/","type":"SITE","testertype":"THEIR","requirements":"Во время исследования на экране будут появляться задания и вопросы.\n\nВ процессе выполнения заданий важно, чтобы вы размышляли вслух и проговаривали, какие сложности у вас возникают и почему. \n\nНажми че-нить и будешь молодцом","scenario":{"steps":[{"stepDetails":[{"orderNum":0,"value":"Нажми себе на носик, котёночек и скажи какие твои ощущения, википедия не нужна - она лишь иллюзия для того, чтобы ты мог дать волю своим чувствам и действиям. Вперёд, навстречу своему носику!!!! "}],"orderNum":0.0,"stepType":"TEXT","id":32295}]},"steps":[{"stepDetails":[],"orderNum":0.0,"stepType":"TEXT","id":32295,"question":"Нажми себе на носик, котёночек и скажи какие твои ощущения, википедия не нужна - она лишь иллюзия для того, чтобы ты мог дать волю своим чувствам и действиям. Вперёд, навстречу своему носику!!!! "}]}