{"id":4,"url":"https://aliexpress.com/","site":null,"type":"SITE","testertype":null,"requirements":null,"scenario":{"steps":[{"stepDetails":[{"orderNum":0,"value":"Выберите категории товаров, которые вы покупали в интернете за последние полгода."},{"orderNum":1,"value":"Мелкая бытовая техника"},{"orderNum":2,"value":"Крупная бытовая техника"},{"orderNum":3,"value":"Электроника (смартфоны, компьютеры, аксессуары)"},{"orderNum":4,"value":"Одежда"},{"orderNum":5,"value":"Обувь"},{"orderNum":6,"value":"Продукты питания"},{"orderNum":7,"value":"Не совершал никаких покупок за последние полгода"}],"orderNum":0.0,"stepType":"CHECKBOX","id":28},{"stepDetails":[{"orderNum":0,"value":"Как часто вы совершаете покупки на aliexpress.com?"},{"orderNum":1,"value":"Раз в неделю"},{"orderNum":2,"value":"Раз в месяц"},{"orderNum":3,"value":"Несколько раз в год"},{"orderNum":4,"value":"Реже одного раза в год"},{"orderNum":5,"value":"Я никогда ничего не покупал на aliexpress.com"}],"orderNum":1.0,"stepType":"RADIO","id":29},{"stepDetails":[{"orderNum":0,"value":"Вы хотите купить защитный чехол для своего телефона. Найдите подходящий чехол на сайте. Ищите чехол именно под свою марку и модель телефона - такой, какой реально готовы купить для себя."}],"orderNum":2.0,"stepType":"TEXT","id":30},{"stepDetails":[{"orderNum":0,"value":"Назовите итоговую сумму, которую вам нужно будет заплатить за выбранный вами чехол. Из чего она складывается?"}],"orderNum":3.0,"stepType":"TEXT","id":31},{"stepDetails":[{"orderNum":0,"value":"Какова вероятность того, что Вы порекомендуете aliexpress.com своим друзьям/знакомым/коллегам? Объясните, почему вы поставили такую оценку."},{"orderNum":1,"value":"1"},{"orderNum":2,"value":"10"},{"orderNum":3,"value":"10"}],"orderNum":4.0,"stepType":"RATING","id":32},{"stepDetails":[{"orderNum":0,"value":"Опишите сайт aliexpress.com тремя словами."}],"orderNum":5.0,"stepType":"ANSWER","id":33}]},"steps":[{"stepDetails":[{"orderNum":0,"value":"Мелкая бытовая техника"},{"orderNum":1,"value":"Крупная бытовая техника"},{"orderNum":2,"value":"Электроника (смартфоны, компьютеры, аксессуары)"},{"orderNum":3,"value":"Одежда"},{"orderNum":4,"value":"Обувь"},{"orderNum":5,"value":"Продукты питания"},{"orderNum":6,"value":"Не совершал никаких покупок за последние полгода"}],"orderNum":0.0,"stepType":"CHECKBOX","id":28,"question":"Выберите категории товаров, которые вы покупали в интернете за последние полгода."},{"stepDetails":[{"orderNum":0,"value":"Раз в неделю"},{"orderNum":1,"value":"Раз в месяц"},{"orderNum":2,"value":"Несколько раз в год"},{"orderNum":3,"value":"Реже одного раза в год"},{"orderNum":4,"value":"Я никогда ничего не покупал на aliexpress.com"}],"orderNum":1.0,"stepType":"RADIO","id":29,"question":"Как часто вы совершаете покупки на aliexpress.com?"},{"stepDetails":[],"orderNum":2.0,"stepType":"TEXT","id":30,"question":"Вы хотите купить защитный чехол для своего телефона. Найдите подходящий чехол на сайте. Ищите чехол именно под свою марку и модель телефона - такой, какой реально готовы купить для себя."},{"stepDetails":[],"orderNum":3.0,"stepType":"TEXT","id":31,"question":"Назовите итоговую сумму, которую вам нужно будет заплатить за выбранный вами чехол. Из чего она складывается?"},{"stepDetails":[{"orderNum":0,"value":"1"},{"orderNum":1,"value":"10"},{"orderNum":2,"value":"10"}],"orderNum":4.0,"stepType":"RATING","id":32,"question":"Какова вероятность того, что Вы порекомендуете aliexpress.com своим друзьям/знакомым/коллегам? Объясните, почему вы поставили такую оценку."},{"stepDetails":[],"orderNum":5.0,"stepType":"ANSWER","id":33,"question":"Опишите сайт aliexpress.com тремя словами."}]}