{
  "FilterHeaders": [
    {
      "Header": "x-xsrf-token",
      "IncludeInScript": true
    },
    {
      "Header": "x-requested-with",
      "IncludeInScript": true
    },
    {
      "Header": "user-agent",
      "IncludeInScript": false
    },
    {
      "Header": "upgrade-insecure-requests",
      "IncludeInScript": true
    },
    {
      "Header": "sec-fetch-site",
      "IncludeInScript": true
    },
    {
      "Header": "sec-fetch-mode",
      "IncludeInScript": true
    },
    {
      "Header": "origin",
      "IncludeInScript": true
    },
    {
      "Header": "if-none-match",
      "IncludeInScript": false
    },
    {
      "Header": "if-modified-since",
      "IncludeInScript": false
    },
    {
      "Header": "accept-language",
      "IncludeInScript": false
    },
    {
      "Header": "accept-encoding",
      "IncludeInScript": false
    },
    {
      "Header": "accept",
      "IncludeInScript": false
    }
  ],
  "FilterResources": [
    {
      "IsNonResource": true,
      "type": "text/html"
    },
    {
      "IsNonResource": false,
      "type": "text/css"
    },
    {
      "IsNonResource": false,
      "type": "image/svg+xml"
    },
    {
      "IsNonResource": false,
      "type": "image/png"
    },
    {
      "IsNonResource": false,
      "type": "image/jpeg"
    },
    {
      "IsNonResource": false,
      "type": "image/gif"
    },
    {
      "IsNonResource": false,
      "type": "application/x-javascript"
    },
    {
      "IsNonResource": true,
      "type": "application/json"
    },
    {
      "IsNonResource": false,
      "type": "application/javascript"
    }
  ],
  "GeneralInfo": {
    "BrowserVersion": "",
    "IsWinInetMode": false,
    "MaxUsedConnections": 12,
    "RecordedBrowser": "Chrome",
    "RecordingDate": "окт-18-2019",
    "RecordingDuration": 83047,
    "RecordingMode": "N/A",
    "RecordingTimeStamp": 1571393869,
    "RecordingType": "Browser",
    "TotalBytesReceived": 2861103,
    "TotalBytesSent": 46467,
    "TotalRequests": 79,
    "UserAgent": "Mozilla/5.0 (Windows NT 10.0; Win64; x64) AppleWebKit/537.36 (KHTML, like Gecko) Chrome/77.0.3865.120 Safari/537.36"
  },
  "HostInfo": [
    {
      "DomainName": "ytimg.com",
      "Domains": [
        {
          "HTTPVersion": "HTTP/1.1",
          "IP": "64.233.163.119",
          "IncludeInScript": false,
          "Name": "i.ytimg.com",
          "Port": 80,
          "Requests": [
            {
              "CompressionType": "",
              "DataType": "image/jpeg",
              "DownloadTime": 234,
              "EventId": 1234,
              "HttpStatus": 200,
              "Size": 29690,
              "URL": "http://i.ytimg.com/vi/Q2CnE_Nlsbc/sddefault.jpg"
            }
          ],
          "SSLCipher": "None",
          "SSLVersion": "None"
        },
        {
          "HTTPVersion": "HTTP/1.1",
          "IP": "64.233.163.119",
          "IncludeInScript": false,
          "Name": "i.ytimg.com",
          "Port": 443,
          "Requests": [
            {
              "CompressionType": "",
              "DataType": "image/jpeg",
              "DownloadTime": 171,
              "EventId": 1735,
              "HttpStatus": 200,
              "Size": 29690,
              "URL": "https://i.ytimg.com/vi/Q2CnE_Nlsbc/sddefault.jpg"
            }
          ],
          "SSLCipher": "ECDHE-RSA-AES128-GCM-SHA256",
          "SSLVersion": "TLS1.2"
        }
      ],
      "IncludeInScript": true
    },
    {
      "DomainName": "youtube.com",
      "Domains": [
        {
          "HTTPVersion": "HTTP/1.1",
          "IP": "64.233.162.198",
          "IncludeInScript": false,
          "Name": "www.youtube.com",
          "Port": 443,
          "Requests": [
            {
              "CompressionType": "gzip",
              "DataType": "text/javascript",
              "DownloadTime": 15,
              "EventId": 1283,
              "HttpStatus": 200,
              "Size": 39106,
              "URL": "https://www.youtube.com/yts/jsbin/www-embed-player-vfl00Xxmy/www-embed-player.js"
            },
            {
              "CompressionType": "gzip",
              "DataType": "text/css",
              "DownloadTime": 31,
              "EventId": 1280,
              "HttpStatus": 200,
              "Size": 41544,
              "URL": "https://www.youtube.com/yts/cssbin/www-player-webp-vflifQy7_.css"
            },
            {
              "CompressionType": "br",
              "DataType": "text/html",
              "DownloadTime": 125,
              "EventId": 1210,
              "HttpStatus": 200,
              "Size": 20644,
              "URL": "https://www.youtube.com/embed/Q2CnE_Nlsbc"
            }
          ],
          "SSLCipher": "ECDHE-ECDSA-AES128-GCM-SHA256",
          "SSLVersion": "TLS1.2"
        }
      ],
      "IncludeInScript": true
    },
    {
      "DomainName": "yandex.ru",
      "Domains": [
        {
          "HTTPVersion": "HTTP/1.1",
          "IP": "87.250.250.119",
          "IncludeInScript": true,
          "Name": "mc.yandex.ru",
          "Port": 443,
          "Requests": [
            {
              "CompressionType": "",
              "DataType": "image/gif",
              "DownloadTime": 16,
              "EventId": 2574,
              "HttpStatus": 200,
              "Size": 43,
              "URL": "https://mc.yandex.ru/watch/29739640?page-url=https%3A%2F%2Fsale.aliexpress.com%2Fru%2F__pc%2FSeptember_fashion_new_lianmeng.htm%3FtmLog%3Ddefault_4625%26aff_platform%3Dpromotion%26cpt%3D1571393878939%26sk%3Dloa6aa3A%26aff_trace_key%3D16d2c90c80624b17abd689478a173599-1571393878939-05094-loa6aa3A%26terminal_id%3Dc42a423be07f48fd8db24940f5256235&charset=utf-8&force-urlencoded=1&browser-info=ti%3A1%3Adp%3A1%3Ans%3A1571393877100%3As%3A1920x1080x24%3Ask%3A1%3Aifr%3A1%3Asti%3A0%3Aadb%3A2%3Afpr%3A67501995301%3Acn%3A1%3Aw%3A6x6%3Az%3A180%3Ai%3A20191018131823%3Aet%3A1571393903%3Aen%3Autf-8%3Ac%3A1%3Ala%3Aru-ru%3Antf%3A1%3Aar%3A1%3Anb%3A1%3Acl%3A746%3Als%3A1015937737530%3Arqn%3A2%3Arn%3A416657284%3Ahid%3A51924914%3Ads%3A%2C%2C%2C%2C%2C%2C%2C%2C%2C15213%2C15213%2C6%2C%3Agdpr%3A14%3Afu%3A1%3Av%3A1728%3Arqnl%3A1%3Ast%3A1571393903%3Au%3A15713938851064002651%3App%3A954964448"
            },
            {
              "CompressionType": "gzip",
              "DataType": "image/gif",
              "DownloadTime": 15,
              "EventId": 2423,
              "HttpStatus": 200,
              "Size": 61,
              "URL": "https://mc.yandex.ru/metrika/advert.gif"
            },
            {
              "CompressionType": "",
              "DataType": "application/json",
              "DownloadTime": 16,
              "EventId": 2401,
              "HttpStatus": 200,
              "Size": 133,
              "URL": "https://mc.yandex.ru/watch/29739640/1?wmode=7&page-ref=https%3A%2F%2Ftest.uxcrowd.ru%2F&page-url=https%3A%2F%2Fsale.aliexpress.com%2Fru%2F__pc%2FSeptember_fashion_new_lianmeng.htm%3FtmLog%3Ddefault_4625%26aff_platform%3Dpromotion%26cpt%3D1571393878939%26sk%3Dloa6aa3A%26aff_trace_key%3D16d2c90c80624b17abd689478a173599-1571393878939-05094-loa6aa3A%26terminal_id%3Dc42a423be07f48fd8db24940f5256235&charset=utf-8&browser-info=ti%3A10%3Ans%3A1571393877100%3As%3A1920x1080x24%3Ask%3A1%3Aifr%3A1%3Asti%3A0%3Afpr%3A67501995301%3Acn%3A1%3Aw%3A6x6%3Az%3A180%3Ai%3A20191018131804%3Aet%3A1571393885%3Aen%3Autf-8%3Ac%3A1%3Ala%3Aru-ru%3Antf%3A1%3Acpf%3A1%3Apv%3A1%3Als%3A1015937737530%3Arqn%3A1%3Arn%3A611951905%3Ahid%3A51924914%3Ads%3A0%2C0%2C386%2C1068%2C3434%2C0%2C0%2C1732%2C50%2C%2C%2C%2C6630%3Awn%3A35394%3Ahl%3A1%3Agdpr%3A14%3Av%3A1728%3Arqnl%3A1%3Ast%3A1571393885%3Au%3A15713938851064002651"
            },
            {
              "CompressionType": "",
              "DataType": "",
              "DownloadTime": 16,
              "EventId": 2390,
              "HttpStatus": 302,
              "Size": 0,
              "URL": "https://mc.yandex.ru/watch/29739640?wmode=7&page-ref=https%3A%2F%2Ftest.uxcrowd.ru%2F&page-url=https%3A%2F%2Fsale.aliexpress.com%2Fru%2F__pc%2FSeptember_fashion_new_lianmeng.htm%3FtmLog%3Ddefault_4625%26aff_platform%3Dpromotion%26cpt%3D1571393878939%26sk%3Dloa6aa3A%26aff_trace_key%3D16d2c90c80624b17abd689478a173599-1571393878939-05094-loa6aa3A%26terminal_id%3Dc42a423be07f48fd8db24940f5256235&charset=utf-8&browser-info=ti%3A10%3Ans%3A1571393877100%3As%3A1920x1080x24%3Ask%3A1%3Aifr%3A1%3Asti%3A0%3Afpr%3A67501995301%3Acn%3A1%3Aw%3A6x6%3Az%3A180%3Ai%3A20191018131804%3Aet%3A1571393885%3Aen%3Autf-8%3Ac%3A1%3Ala%3Aru-ru%3Antf%3A1%3Acpf%3A1%3Apv%3A1%3Als%3A1015937737530%3Arqn%3A1%3Arn%3A611951905%3Ahid%3A51924914%3Ads%3A0%2C0%2C386%2C1068%2C3434%2C0%2C0%2C1732%2C50%2C%2C%2C%2C6630%3Awn%3A35394%3Ahl%3A1%3Agdpr%3A14%3Av%3A1728%3Arqnl%3A1%3Ast%3A1571393885%3Au%3A15713938851064002651"
            },
            {
              "CompressionType": "br",
              "DataType": "application/javascript",
              "DownloadTime": 16,
              "EventId": 2359,
              "HttpStatus": 200,
              "Size": 40076,
              "URL": "https://mc.yandex.ru/metrika/watch.js"
            }
          ],
          "SSLCipher": "ECDHE-ECDSA-AES128-GCM-SHA256",
          "SSLVersion": "TLS1.2"
        }
      ],
      "IncludeInScript": true
    },
    {
      "DomainName": "yadro.ru",
      "Domains": [
        {
          "HTTPVersion": "HTTP/1.1",
          "IP": "88.212.201.210",
          "IncludeInScript": false,
          "Name": "counter.yadro.ru",
          "Port": 443,
          "Requests": [
            {
              "CompressionType": "",
              "DataType": "text/html",
              "DownloadTime": 63,
              "EventId": 1197,
              "HttpStatus": 302,
              "Size": 364,
              "URL": "https://counter.yadro.ru/id127/reff-id.gif?sid=71992f347b7e5be0405f47a31c090a6c"
            }
          ],
          "SSLCipher": "ECDHE-ECDSA-AES128-GCM-SHA256",
          "SSLVersion": "TLS1.2"
        }
      ],
      "IncludeInScript": true
    },
    {
      "DomainName": "vk.com",
      "Domains": [
        {
          "HTTPVersion": "HTTP/1.1",
          "IP": "93.186.225.208",
          "IncludeInScript": false,
          "Name": "vk.com",
          "Port": 443,
          "Requests": [
            {
              "CompressionType": "gzip",
              "DataType": "image/gif",
              "DownloadTime": 31,
              "EventId": 2457,
              "HttpStatus": 200,
              "Size": 65,
              "URL": "https://vk.com/rtrg?p=VK-RTRG-208363-3NOqH"
            }
          ],
          "SSLCipher": "ECDHE-ECDSA-AES128-GCM-SHA256",
          "SSLVersion": "TLS1.2"
        }
      ],
      "IncludeInScript": true
    },
    {
      "DomainName": "uxcrowd.ru",
      "Domains": [
        {
          "HTTPVersion": "HTTP/1.1",
          "IP": "134.209.181.163",
          "IncludeInScript": true,
          "Name": "test.uxcrowd.ru",
          "Port": 80,
          "Requests": [
            {
              "CompressionType": "",
              "DataType": "text/html",
              "DownloadTime": 46,
              "EventId": 17,
              "HttpStatus": 308,
              "Size": 171,
              "URL": "http://test.uxcrowd.ru/"
            }
          ],
          "SSLCipher": "None",
          "SSLVersion": "None"
        },
        {
          "HTTPVersion": "HTTP/1.1",
          "IP": "134.209.181.163",
          "IncludeInScript": true,
          "Name": "test.uxcrowd.ru",
          "Port": 443,
          "Requests": [
            {
              "CompressionType": "gzip",
              "DataType": "text/html",
              "DownloadTime": 78,
              "EventId": 2592,
              "HttpStatus": 200,
              "Size": 3006,
              "URL": "https://test.uxcrowd.ru/tmpl/tmpl_home/modal-login.html"
            },
            {
              "CompressionType": "gzip",
              "DataType": "image/svg+xml",
              "DownloadTime": 250,
              "EventId": 1491,
              "HttpStatus": 200,
              "Size": 369,
              "URL": "https://test.uxcrowd.ru/assets/images/facebook.svg"
            },
            {
              "CompressionType": "gzip",
              "DataType": "image/svg+xml",
              "DownloadTime": 62,
              "EventId": 1485,
              "HttpStatus": 200,
              "Size": 1716,
              "URL": "https://test.uxcrowd.ru/assets/images/youtube.svg"
            },
            {
              "CompressionType": "gzip",
              "DataType": "image/svg+xml",
              "DownloadTime": 78,
              "EventId": 1399,
              "HttpStatus": 200,
              "Size": 9477,
              "URL": "https://test.uxcrowd.ru/assets/images/ux-logo-new-white.svg"
            },
            {
              "CompressionType": "gzip",
              "DataType": "image/svg+xml",
              "DownloadTime": 78,
              "EventId": 1396,
              "HttpStatus": 200,
              "Size": 399,
              "URL": "https://test.uxcrowd.ru/assets/images/nl-home-blot-bottom-mobile.svg"
            },
            {
              "CompressionType": "",
              "DataType": "image/png",
              "DownloadTime": 78,
              "EventId": 1392,
              "HttpStatus": 200,
              "Size": 871107,
              "URL": "https://test.uxcrowd.ru/assets/images/Rectangle%205.2.png"
            },
            {
              "CompressionType": "",
              "DataType": "image/png",
              "DownloadTime": 78,
              "EventId": 1389,
              "HttpStatus": 200,
              "Size": 1828,
              "URL": "https://test.uxcrowd.ru/assets//images/question.png"
            },
            {
              "CompressionType": "gzip",
              "DataType": "image/svg+xml",
              "DownloadTime": 62,
              "EventId": 1384,
              "HttpStatus": 200,
              "Size": 399,
              "URL": "https://test.uxcrowd.ru/assets/images/nl-home-clients-blot-mobile.svg"
            },
            {
              "CompressionType": "",
              "DataType": "image/png",
              "DownloadTime": 62,
              "EventId": 1381,
              "HttpStatus": 200,
              "Size": 901770,
              "URL": "https://test.uxcrowd.ru/assets/images/nl-home-center-blot.png"
            },
            {
              "CompressionType": "",
              "DataType": "image/png",
              "DownloadTime": 62,
              "EventId": 1371,
              "HttpStatus": 200,
              "Size": 8113,
              "URL": "https://test.uxcrowd.ru/assets/images/ildar_mullahmetov.png"
            },
            {
              "CompressionType": "",
              "DataType": "image/jpeg",
              "DownloadTime": 63,
              "EventId": 1364,
              "HttpStatus": 200,
              "Size": 3747,
              "URL": "https://test.uxcrowd.ru/assets/images/svetlana_gorshkova.jpg"
            },
            {
              "CompressionType": "",
              "DataType": "image/png",
              "DownloadTime": 62,
              "EventId": 1360,
              "HttpStatus": 200,
              "Size": 5285,
              "URL": "https://test.uxcrowd.ru/assets/images/egor_golubev.png"
            },
            {
              "CompressionType": "gzip",
              "DataType": "image/svg+xml",
              "DownloadTime": 62,
              "EventId": 1357,
              "HttpStatus": 200,
              "Size": 869,
              "URL": "https://test.uxcrowd.ru/assets/images/nl-home-clients-logo-5.svg"
            },
            {
              "CompressionType": "gzip",
              "DataType": "image/svg+xml",
              "DownloadTime": 62,
              "EventId": 1352,
              "HttpStatus": 200,
              "Size": 1620,
              "URL": "https://test.uxcrowd.ru/assets/images/nl-home-clients-logo-4.svg"
            },
            {
              "CompressionType": "gzip",
              "DataType": "image/svg+xml",
              "DownloadTime": 62,
              "EventId": 1348,
              "HttpStatus": 200,
              "Size": 3348,
              "URL": "https://test.uxcrowd.ru/assets/images/nl-home-clients-logo-3.svg"
            },
            {
              "CompressionType": "gzip",
              "DataType": "image/svg+xml",
              "DownloadTime": 62,
              "EventId": 1298,
              "HttpStatus": 200,
              "Size": 2497,
              "URL": "https://test.uxcrowd.ru/assets/images/nl-home-clients-logo-2.svg"
            },
            {
              "CompressionType": "gzip",
              "DataType": "image/svg+xml",
              "DownloadTime": 62,
              "EventId": 1274,
              "HttpStatus": 200,
              "Size": 4347,
              "URL": "https://test.uxcrowd.ru/assets/images/nl-home-clients-logo-1.svg"
            },
            {
              "CompressionType": "gzip",
              "DataType": "image/svg+xml",
              "DownloadTime": 109,
              "EventId": 1267,
              "HttpStatus": 200,
              "Size": 1860,
              "URL": "https://test.uxcrowd.ru/assets/images/nl-home-helpful-block-1.svg"
            },
            {
              "CompressionType": "gzip",
              "DataType": "image/svg+xml",
              "DownloadTime": 78,
              "EventId": 1265,
              "HttpStatus": 200,
              "Size": 2221,
              "URL": "https://test.uxcrowd.ru/assets/images/nl-home-helpful-block-3.svg"
            },
            {
              "CompressionType": "",
              "DataType": "image/svg+xml",
              "DownloadTime": 94,
              "EventId": 1260,
              "HttpStatus": 200,
              "Size": 187,
              "URL": "https://test.uxcrowd.ru/assets/images/nl-home-work-blot-rect.svg"
            },
            {
              "CompressionType": "gzip",
              "DataType": "image/svg+xml",
              "DownloadTime": 78,
              "EventId": 1258,
              "HttpStatus": 200,
              "Size": 1426,
              "URL": "https://test.uxcrowd.ru/assets/images/nl-home-helpful-block-2.svg"
            },
            {
              "CompressionType": "",
              "DataType": "image/png",
              "DownloadTime": 62,
              "EventId": 1251,
              "HttpStatus": 200,
              "Size": 4783,
              "URL": "https://test.uxcrowd.ru/assets/images/google-play-btn.png"
            },
            {
              "CompressionType": "gzip",
              "DataType": "image/svg+xml",
              "DownloadTime": 47,
              "EventId": 1246,
              "HttpStatus": 200,
              "Size": 1280,
              "URL": "https://test.uxcrowd.ru/assets/images/nl-home-top-blot.svg"
            },
            {
              "CompressionType": "",
              "DataType": "image/svg+xml",
              "DownloadTime": 47,
              "EventId": 1244,
              "HttpStatus": 200,
              "Size": 237,
              "URL": "https://test.uxcrowd.ru/assets/images/nl-home-work-arrow.svg"
            },
            {
              "CompressionType": "",
              "DataType": "image/svg+xml",
              "DownloadTime": 281,
              "EventId": 1242,
              "HttpStatus": 200,
              "Size": 212,
              "URL": "https://test.uxcrowd.ru/assets/images/nl-home-work-blot-circle.svg"
            },
            {
              "CompressionType": "gzip",
              "DataType": "image/svg+xml",
              "DownloadTime": 250,
              "EventId": 1232,
              "HttpStatus": 200,
              "Size": 3903,
              "URL": "https://test.uxcrowd.ru/assets/images/nl-home-girl.svg"
            },
            {
              "CompressionType": "gzip",
              "DataType": "image/svg+xml",
              "DownloadTime": 109,
              "EventId": 1187,
              "HttpStatus": 200,
              "Size": 8598,
              "URL": "https://test.uxcrowd.ru/assets/images/uxcrowd-logo-white-mobile.svg"
            },
            {
              "CompressionType": "gzip",
              "DataType": "image/svg+xml",
              "DownloadTime": 94,
              "EventId": 1185,
              "HttpStatus": 200,
              "Size": 370,
              "URL": "https://test.uxcrowd.ru/assets/images/facebook-colored.svg"
            },
            {
              "CompressionType": "gzip",
              "DataType": "image/svg+xml",
              "DownloadTime": 94,
              "EventId": 1181,
              "HttpStatus": 200,
              "Size": 1717,
              "URL": "https://test.uxcrowd.ru/assets/images/youtube-colored.svg"
            },
            {
              "CompressionType": "gzip",
              "DataType": "image/svg+xml",
              "DownloadTime": 93,
              "EventId": 1179,
              "HttpStatus": 200,
              "Size": 787,
              "URL": "https://test.uxcrowd.ru/assets/images/avatar-white-mobile.svg"
            },
            {
              "CompressionType": "gzip",
              "DataType": "image/svg+xml",
              "DownloadTime": 78,
              "EventId": 1177,
              "HttpStatus": 200,
              "Size": 8605,
              "URL": "https://test.uxcrowd.ru/assets/images/uxcrowd-logo-new.svg"
            },
            {
              "CompressionType": "gzip",
              "DataType": "image/svg+xml",
              "DownloadTime": 62,
              "EventId": 1174,
              "HttpStatus": 200,
              "Size": 166,
              "URL": "https://test.uxcrowd.ru/assets/images/burger-white-mobile.svg"
            },
            {
              "CompressionType": "gzip",
              "DataType": "image/svg+xml",
              "DownloadTime": 62,
              "EventId": 1160,
              "HttpStatus": 200,
              "Size": 262,
              "URL": "https://test.uxcrowd.ru/assets/css/landing/youtube-play.svg"
            },
            {
              "CompressionType": "",
              "DataType": "",
              "DownloadTime": 46,
              "EventId": 1157,
              "HttpStatus": 304,
              "Size": 0,
              "URL": "https://test.uxcrowd.ru/"
            },
            {
              "CompressionType": "gzip",
              "DataType": "text/html",
              "DownloadTime": 62,
              "EventId": 1110,
              "HttpStatus": 200,
              "Size": 1121,
              "URL": "https://test.uxcrowd.ru/tmpl/tmpl_landing_new/footer.html"
            },
            {
              "CompressionType": "gzip",
              "DataType": "text/html",
              "DownloadTime": 62,
              "EventId": 1108,
              "HttpStatus": 200,
              "Size": 7165,
              "URL": "https://test.uxcrowd.ru/tmpl/tmpl_landing_new/home.html"
            },
            {
              "CompressionType": "gzip",
              "DataType": "text/html",
              "DownloadTime": 62,
              "EventId": 1099,
              "HttpStatus": 200,
              "Size": 2524,
              "URL": "https://test.uxcrowd.ru/tmpl/tmpl_landing_new/headerGreenWhite.html"
            },
            {
              "CompressionType": "",
              "DataType": "application/javascript",
              "DownloadTime": 62,
              "EventId": 1070,
              "HttpStatus": 200,
              "Size": 155,
              "URL": "https://test.uxcrowd.ru/app.js?bust=1571393876505"
            },
            {
              "CompressionType": "gzip",
              "DataType": "application/javascript",
              "DownloadTime": 78,
              "EventId": 1059,
              "HttpStatus": 200,
              "Size": 3160,
              "URL": "https://test.uxcrowd.ru/controller/controller_home/login.controller.js?bust=1571393876505"
            },
            {
              "CompressionType": "gzip",
              "DataType": "application/javascript",
              "DownloadTime": 62,
              "EventId": 1052,
              "HttpStatus": 200,
              "Size": 1546,
              "URL": "https://test.uxcrowd.ru/controller/controller_home/newMain.controller.js?bust=1571393876505"
            },
            {
              "CompressionType": "",
              "DataType": "",
              "DownloadTime": 63,
              "EventId": 1037,
              "HttpStatus": 401,
              "Size": 0,
              "URL": "https://test.uxcrowd.ru/api/account"
            },
            {
              "CompressionType": "gzip",
              "DataType": "application/json",
              "DownloadTime": 63,
              "EventId": 967,
              "HttpStatus": 200,
              "Size": 57902,
              "URL": "https://test.uxcrowd.ru/assets/lang/ru.json"
            },
            {
              "CompressionType": "gzip",
              "DataType": "application/javascript",
              "DownloadTime": 47,
              "EventId": 697,
              "HttpStatus": 200,
              "Size": 12942,
              "URL": "https://test.uxcrowd.ru/assets/js/main_js/main_route.js"
            },
            {
              "CompressionType": "gzip",
              "DataType": "application/javascript",
              "DownloadTime": 63,
              "EventId": 648,
              "HttpStatus": 200,
              "Size": 1071,
              "URL": "https://test.uxcrowd.ru/assets/js/landing/jQuery.YouTube.HD.Thumbnail.js"
            },
            {
              "CompressionType": "gzip",
              "DataType": "application/javascript",
              "DownloadTime": 63,
              "EventId": 643,
              "HttpStatus": 200,
              "Size": 1208,
              "URL": "https://test.uxcrowd.ru/assets/js/main_js/path_controller.js"
            },
            {
              "CompressionType": "gzip",
              "DataType": "application/javascript",
              "DownloadTime": 63,
              "EventId": 639,
              "HttpStatus": 200,
              "Size": 6789,
              "URL": "https://test.uxcrowd.ru/library/require.js"
            },
            {
              "CompressionType": "gzip",
              "DataType": "application/javascript",
              "DownloadTime": 63,
              "EventId": 627,
              "HttpStatus": 200,
              "Size": 579,
              "URL": "https://test.uxcrowd.ru/assets/gulp/tester_js.js"
            },
            {
              "CompressionType": "gzip",
              "DataType": "application/javascript",
              "DownloadTime": 78,
              "EventId": 581,
              "HttpStatus": 200,
              "Size": 279,
              "URL": "https://test.uxcrowd.ru/assets/gulp/new_tester_js.js"
            },
            {
              "CompressionType": "gzip",
              "DataType": "application/javascript",
              "DownloadTime": 78,
              "EventId": 573,
              "HttpStatus": 200,
              "Size": 1194,
              "URL": "https://test.uxcrowd.ru/assets/gulp/moderator_js.js"
            },
            {
              "CompressionType": "gzip",
              "DataType": "application/javascript",
              "DownloadTime": 62,
              "EventId": 565,
              "HttpStatus": 200,
              "Size": 5657,
              "URL": "https://test.uxcrowd.ru/assets/gulp/home_js.js"
            },
            {
              "CompressionType": "gzip",
              "DataType": "application/javascript",
              "DownloadTime": 63,
              "EventId": 555,
              "HttpStatus": 200,
              "Size": 438,
              "URL": "https://test.uxcrowd.ru/assets/gulp/blog_js.js"
            },
            {
              "CompressionType": "gzip",
              "DataType": "application/javascript",
              "DownloadTime": 62,
              "EventId": 513,
              "HttpStatus": 200,
              "Size": 1279,
              "URL": "https://test.uxcrowd.ru/assets/gulp/customer_js.js"
            },
            {
              "CompressionType": "gzip",
              "DataType": "application/javascript",
              "DownloadTime": 78,
              "EventId": 472,
              "HttpStatus": 200,
              "Size": 396,
              "URL": "https://test.uxcrowd.ru/assets/gulp/admin_js.js"
            },
            {
              "CompressionType": "gzip",
              "DataType": "application/javascript",
              "DownloadTime": 63,
              "EventId": 453,
              "HttpStatus": 200,
              "Size": 4719,
              "URL": "https://test.uxcrowd.ru/assets/gulp/app_js.js"
            },
            {
              "CompressionType": "gzip",
              "DataType": "application/javascript",
              "DownloadTime": 79,
              "EventId": 339,
              "HttpStatus": 200,
              "Size": 860,
              "URL": "https://test.uxcrowd.ru/assets/js/app_js/auth.interceptor.js"
            },
            {
              "CompressionType": "gzip",
              "DataType": "application/javascript",
              "DownloadTime": 63,
              "EventId": 334,
              "HttpStatus": 200,
              "Size": 84885,
              "URL": "https://test.uxcrowd.ru/assets/js/main_js/mediaelement-and-player.js"
            },
            {
              "CompressionType": "gzip",
              "DataType": "application/javascript",
              "DownloadTime": 62,
              "EventId": 330,
              "HttpStatus": 200,
              "Size": 692,
              "URL": "https://test.uxcrowd.ru/assets/js/main_js/validation.rule.js"
            },
            {
              "CompressionType": "gzip",
              "DataType": "application/javascript",
              "DownloadTime": 63,
              "EventId": 325,
              "HttpStatus": 200,
              "Size": 13823,
              "URL": "https://test.uxcrowd.ru/assets/js/main_js/init.js"
            },
            {
              "CompressionType": "gzip",
              "DataType": "application/javascript",
              "DownloadTime": 63,
              "EventId": 323,
              "HttpStatus": 200,
              "Size": 501223,
              "URL": "https://test.uxcrowd.ru/assets/gulp/sup_js.js"
            },
            {
              "CompressionType": "gzip",
              "DataType": "application/javascript",
              "DownloadTime": 78,
              "EventId": 267,
              "HttpStatus": 200,
              "Size": 2417,
              "URL": "https://test.uxcrowd.ru/library/FileSaver.js"
            },
            {
              "CompressionType": "gzip",
              "DataType": "application/javascript",
              "DownloadTime": 62,
              "EventId": 264,
              "HttpStatus": 200,
              "Size": 4853,
              "URL": "https://test.uxcrowd.ru/library/jquery.uploadfile.min.js"
            },
            {
              "CompressionType": "gzip",
              "DataType": "application/javascript",
              "DownloadTime": 62,
              "EventId": 261,
              "HttpStatus": 200,
              "Size": 2717,
              "URL": "https://test.uxcrowd.ru/assets/js/main_js/validation.js"
            },
            {
              "CompressionType": "gzip",
              "DataType": "application/javascript",
              "DownloadTime": 63,
              "EventId": 257,
              "HttpStatus": 200,
              "Size": 12950,
              "URL": "https://test.uxcrowd.ru/library/jquery.form.js"
            },
            {
              "CompressionType": "gzip",
              "DataType": "application/javascript",
              "DownloadTime": 63,
              "EventId": 255,
              "HttpStatus": 200,
              "Size": 88750,
              "URL": "https://test.uxcrowd.ru/library/jquery.js"
            },
            {
              "CompressionType": "gzip",
              "DataType": "application/javascript",
              "DownloadTime": 62,
              "EventId": 235,
              "HttpStatus": 200,
              "Size": 391,
              "URL": "https://test.uxcrowd.ru/assets/gulp/env.js"
            },
            {
              "CompressionType": "gzip",
              "DataType": "text/css",
              "DownloadTime": 62,
              "EventId": 233,
              "HttpStatus": 200,
              "Size": 523,
              "URL": "https://test.uxcrowd.ru/assets/css/landing/YouTube.HD.Thumbnail.css"
            },
            {
              "CompressionType": "gzip",
              "DataType": "text/css",
              "DownloadTime": 62,
              "EventId": 229,
              "HttpStatus": 200,
              "Size": 4953,
              "URL": "https://test.uxcrowd.ru/assets/css/landing/uxcrowd.webflow.css"
            },
            {
              "CompressionType": "gzip",
              "DataType": "text/css",
              "DownloadTime": 63,
              "EventId": 225,
              "HttpStatus": 200,
              "Size": 9289,
              "URL": "https://test.uxcrowd.ru/assets/css/landing/webflow.css"
            },
            {
              "CompressionType": "gzip",
              "DataType": "text/css",
              "DownloadTime": 63,
              "EventId": 40,
              "HttpStatus": 200,
              "Size": 103444,
              "URL": "https://test.uxcrowd.ru/assets/gulp/sup_css.css"
            },
            {
              "CompressionType": "gzip",
              "DataType": "text/html",
              "DownloadTime": 78,
              "EventId": 34,
              "HttpStatus": 200,
              "Size": 3134,
              "URL": "https://test.uxcrowd.ru/"
            }
          ],
          "SSLCipher": "ECDHE-RSA-AES256-GCM-SHA384",
          "SSLVersion": "TLS1.2"
        }
      ],
      "IncludeInScript": true
    },
    {
      "DomainName": "ulogin.ru",
      "Domains": [
        {
          "HTTPVersion": "HTTP/1.1",
          "IP": "95.163.118.168",
          "IncludeInScript": false,
          "Name": "ulogin.ru",
          "Port": 443,
          "Requests": [
            {
              "CompressionType": "gzip",
              "DataType": "application/x-javascript",
              "DownloadTime": 31,
              "EventId": 347,
              "HttpStatus": 200,
              "Size": 18800,
              "URL": "https://ulogin.ru/js/ulogin.js"
            }
          ],
          "SSLCipher": "ECDHE-RSA-AES128-GCM-SHA256",
          "SSLVersion": "TLS1.2"
        }
      ],
      "IncludeInScript": true
    },
    {
      "DomainName": "ulogin-stats.ru",
      "Domains": [
        {
          "HTTPVersion": "HTTP/1.1",
          "IP": "188.120.232.204",
          "IncludeInScript": false,
          "Name": "ulogin-stats.ru",
          "Port": 443,
          "Requests": [
            {
              "CompressionType": "gzip",
              "DataType": "application/javascript",
              "DownloadTime": 1063,
              "EventId": 1050,
              "HttpStatus": 200,
              "Size": 215,
              "URL": "https://ulogin-stats.ru/visit/"
            }
          ],
          "SSLCipher": "",
          "SSLVersion": ""
        }
      ],
      "IncludeInScript": true
    },
    {
      "DomainName": "typekit.net",
      "Domains": [
        {
          "HTTPVersion": "HTTP/1.1",
          "IP": "2.23.141.147",
          "IncludeInScript": false,
          "Name": "use.typekit.net",
          "Port": 443,
          "Requests": [
            {
              "CompressionType": "",
              "DataType": "application/font-woff2",
              "DownloadTime": 46,
              "EventId": 1087,
              "HttpStatus": 200,
              "Size": 42304,
              "URL": "https://use.typekit.net/af/c4c302/000000000000000000012192/27/l?primer=e7c58b81a305e1fc09dd5591d751a34891b5b63ab278ac3b87ed8857fdd9b01a&fvd=n6&v=3"
            },
            {
              "CompressionType": "",
              "DataType": "application/font-woff2",
              "DownloadTime": 31,
              "EventId": 1083,
              "HttpStatus": 200,
              "Size": 64176,
              "URL": "https://use.typekit.net/af/cf3e4e/000000000000000000010095/27/l?primer=e7c58b81a305e1fc09dd5591d751a34891b5b63ab278ac3b87ed8857fdd9b01a&fvd=i4&v=3"
            },
            {
              "CompressionType": "",
              "DataType": "application/font-woff2",
              "DownloadTime": 15,
              "EventId": 1080,
              "HttpStatus": 200,
              "Size": 57236,
              "URL": "https://use.typekit.net/af/9b05f3/000000000000000000013365/27/l?primer=e7c58b81a305e1fc09dd5591d751a34891b5b63ab278ac3b87ed8857fdd9b01a&fvd=n4&v=3"
            },
            {
              "CompressionType": "",
              "DataType": "application/font-woff2",
              "DownloadTime": 78,
              "EventId": 1062,
              "HttpStatus": 200,
              "Size": 48696,
              "URL": "https://use.typekit.net/af/309dfe/000000000000000000010091/27/l?primer=e7c58b81a305e1fc09dd5591d751a34891b5b63ab278ac3b87ed8857fdd9b01a&fvd=n7&v=3"
            },
            {
              "CompressionType": "",
              "DataType": "application/font-woff2",
              "DownloadTime": 46,
              "EventId": 1056,
              "HttpStatus": 200,
              "Size": 52888,
              "URL": "https://use.typekit.net/af/2cd6bf/00000000000000000001008f/27/l?primer=e7c58b81a305e1fc09dd5591d751a34891b5b63ab278ac3b87ed8857fdd9b01a&fvd=n5&v=3"
            },
            {
              "CompressionType": "gzip",
              "DataType": "text/javascript",
              "DownloadTime": 47,
              "EventId": 485,
              "HttpStatus": 200,
              "Size": 7517,
              "URL": "https://use.typekit.net/hym5rnq.js"
            }
          ],
          "SSLCipher": "ECDHE-RSA-AES256-GCM-SHA384",
          "SSLVersion": "TLS1.2"
        },
        {
          "HTTPVersion": "HTTP/1.1",
          "IP": "2.23.141.147",
          "IncludeInScript": false,
          "Name": "p.typekit.net",
          "Port": 443,
          "Requests": [
            {
              "CompressionType": "",
              "DataType": "image/gif",
              "DownloadTime": 47,
              "EventId": 1195,
              "HttpStatus": 200,
              "Size": 35,
              "URL": "https://p.typekit.net/p.gif?s=1&k=hym5rnq&ht=tk&h=test.uxcrowd.ru&f=10879.10881.10884.10885.15586&a=9108420&js=1.19.2&app=typekit&e=js&_=1571393877306"
            }
          ],
          "SSLCipher": "ECDHE-RSA-AES256-GCM-SHA384",
          "SSLVersion": "TLS1.2"
        }
      ],
      "IncludeInScript": true
    },
    {
      "DomainName": "taobao.com",
      "Domains": [
        {
          "HTTPVersion": "HTTP/1.1",
          "IP": "203.119.169.17",
          "IncludeInScript": false,
          "Name": "fourier.taobao.com",
          "Port": 443,
          "Requests": [
            {
              "CompressionType": "",
              "DataType": "image/gif",
              "DownloadTime": 218,
              "EventId": 2508,
              "HttpStatus": 200,
              "Size": 0,
              "URL": "https://fourier.taobao.com/ts?url=https%3A%2F%2Ftest.uxcrowd.ru%2F&token=BObmTLMYh9i9JVN8kaGoqrc8N1xoxyqBOx07ZdCP0onkU4ZtOFd6kcwlqxf6YCKZ&cna=&ext=1"
            }
          ],
          "SSLCipher": "ECDHE-ECDSA-AES128-GCM-SHA256",
          "SSLVersion": "TLS1.2"
        }
      ],
      "IncludeInScript": true
    },
    {
      "DomainName": "semantiqo.com",
      "Domains": [
        {
          "HTTPVersion": "HTTP/1.1",
          "IP": "5.9.154.76",
          "IncludeInScript": false,
          "Name": "sonar.semantiqo.com",
          "Port": 443,
          "Requests": [
            {
              "CompressionType": "gzip",
              "DataType": "text/html",
              "DownloadTime": 47,
              "EventId": 1249,
              "HttpStatus": 200,
              "Size": 20,
              "URL": "https://sonar.semantiqo.com/fbfli/data_sess_sync.php?spid=&sid=71992f347b7e5be0405f47a31c090a6c"
            },
            {
              "CompressionType": "",
              "DataType": "application/javascript",
              "DownloadTime": 47,
              "EventId": 1106,
              "HttpStatus": 200,
              "Size": 5322,
              "URL": "https://sonar.semantiqo.com/i/b.js"
            },
            {
              "CompressionType": "gzip",
              "DataType": "text/html",
              "DownloadTime": 63,
              "EventId": 1065,
              "HttpStatus": 200,
              "Size": 142,
              "URL": "https://sonar.semantiqo.com/i/"
            },
            {
              "CompressionType": "",
              "DataType": "application/javascript",
              "DownloadTime": 94,
              "EventId": 960,
              "HttpStatus": 200,
              "Size": 18111,
              "URL": "https://sonar.semantiqo.com/c83ul/checking.js"
            }
          ],
          "SSLCipher": "ECDHE-RSA-AES256-GCM-SHA384",
          "SSLVersion": "TLS1.2"
        }
      ],
      "IncludeInScript": true
    },
    {
      "DomainName": "mmstat.com",
      "Domains": [
        {
          "HTTPVersion": "HTTP/1.1",
          "IP": "198.11.136.82",
          "IncludeInScript": false,
          "Name": "perf.mmstat.com",
          "Port": 443,
          "Requests": [
            {
              "CompressionType": "",
              "DataType": "image/gif",
              "DownloadTime": 172,
              "EventId": 2650,
              "HttpStatus": 200,
              "Size": 0,
              "URL": "https://perf.mmstat.com/p.gif?memberSeq=&isNewUser=true&pageId=16dde5fcf9bb189ad5421beaa661cd84a0c6241035&site=&pageType=aeactivity-page&ns=1571393877100&ules=0&ulee=0&rs=0&re=0&fs=1571393880534&dls=1571393880534&dle=1571393880534&cs=1571393880534&ce=1571393880534&scs=0&resqs=1571393880537&resps=1571393880923&respe=1571393881991&dl=1571393881998&di=1571393883730&dcles=1571393883730&dclee=1571393883780&domc=1571393892313&les=1571393892313&lee=1571393892319&srt=1571393884057&fst=0"
            },
            {
              "CompressionType": "",
              "DataType": "image/gif",
              "DownloadTime": 375,
              "EventId": 2648,
              "HttpStatus": 200,
              "Size": 0,
              "URL": "https://perf.mmstat.com/p.gif"
            },
            {
              "CompressionType": "",
              "DataType": "image/gif",
              "DownloadTime": 359,
              "EventId": 2626,
              "HttpStatus": 200,
              "Size": 0,
              "URL": "https://perf.mmstat.com/p.gif"
            }
          ],
          "SSLCipher": "",
          "SSLVersion": ""
        },
        {
          "HTTPVersion": "HTTP/1.1",
          "IP": "140.205.172.18",
          "IncludeInScript": false,
          "Name": "oneid.mmstat.com",
          "Port": 443,
          "Requests": [
            {
              "CompressionType": "",
              "DataType": "image/png",
              "DownloadTime": 313,
              "EventId": 2666,
              "HttpStatus": 200,
              "Size": 68,
              "URL": "https://oneid.mmstat.com/taobao/img?type=acookie_id&id=X38wFp6UCyoCAV6fRa7Y7KMg&_ts=38jWn&cad=null&cap=null&cna=null&_lastvisited=X38wFp6UCyoCAV6fRa7Y7KMg%2C%2CX38wFp6UCyoCAV6fRa7Y7KMg9e02SX7e%2Ck1vzcvv4%2Ck1bz6yj4%2C1%2C768d578c%2CX38wFp6UCyoCAV6fRa7Y7KMg%2Ck1vzcvv5"
            },
            {
              "CompressionType": "",
              "DataType": "application/javascript",
              "DownloadTime": 313,
              "EventId": 2664,
              "HttpStatus": 200,
              "Size": 72,
              "URL": "https://oneid.mmstat.com/taobao/getDeviceInfo?_cbFunction=fn_ijwfjL16&tokenid=X38wFp6UCyoCAV6fRa7Y7KMg9e02SX7e&acookie=X38wFp6UCyoCAV6fRa7Y7KMg&n=first&p=1&scr1=1920x1080&scr2=1920x1050&p1=505d7d3214bc9932d2f4deed9e4&p2="
            }
          ],
          "SSLCipher": "ECDHE-ECDSA-AES128-GCM-SHA256",
          "SSLVersion": "TLS1.2"
        },
        {
          "HTTPVersion": "HTTP/1.1",
          "IP": "47.88.68.22",
          "IncludeInScript": false,
          "Name": "gj.mmstat.com",
          "Port": 443,
          "Requests": [
            {
              "CompressionType": "",
              "DataType": "image/gif",
              "DownloadTime": 187,
              "EventId": 2489,
              "HttpStatus": 302,
              "Size": 43,
              "URL": "https://gj.mmstat.com/g.gif?logtype=0&title=&pre=https%3A%2F%2Ftest.uxcrowd.ru%2F&scr=1920x1080&spm-cnt=a2g01.11997168.0.0.7bcb1vYC1vYCtq&aplus=&sidx=aplusSidx&pageid=16dde5fcf9bb189ad5421beaa661cd84a0c6241035&dmtrack_b=%7Bifm%3D1%7Clogin%3D0%7D&dmtrack_c=%7Bsrc%3Dpromotion%7Caf%3Dundefined%7Ccv%3D1%7Ctp1%3Dundefined%7Ccpt%3Dundefined%7Cvd%3Dundefined%7CaffiliateKey%3Dloa6aa3A%7Caep_usuc_f%3Dc_tp%253DUSD%2526region%253DUS%2526b_locale%253Den_US%7Caeu_cid%3D16d2c90c80624b17abd689478a173599-1571393878939-05094-loa6aa3A%7D&ali_beacon_id=-&ali_apache_id=10.182.248.36.1571393878937.443969.4&ali_apache_track=-&ali_apache_tracktmp=-&p=1&o=win10&b=chrome77&s=1920x1080&w=webkit&ism=pc&cache=8607f87&lver=8.12.7&jsver=aplus_int&pver=0.7.5&_pw=6&_ph=6&tag=0&stag=-2&lstag=-1&_slog=0"
            },
            {
              "CompressionType": "",
              "DataType": "application/javascript",
              "DownloadTime": 172,
              "EventId": 2461,
              "HttpStatus": 200,
              "Size": 91,
              "URL": "https://gj.mmstat.com/eg.js"
            }
          ],
          "SSLCipher": "ECDHE-RSA-AES128-GCM-SHA256",
          "SSLVersion": "TLS1.2"
        }
      ],
      "IncludeInScript": true
    },
    {
      "DomainName": "intercomcdn.com",
      "Domains": [
        {
          "HTTPVersion": "HTTP/1.1",
          "IP": "13.33.96.27",
          "IncludeInScript": false,
          "Name": "js.intercomcdn.com",
          "Port": 443,
          "Requests": [
            {
              "CompressionType": "gzip",
              "DataType": "application/javascript",
              "DownloadTime": 16,
              "EventId": 2661,
              "HttpStatus": 200,
              "Size": 4046,
              "URL": "https://js.intercomcdn.com/shim.latest.js"
            }
          ],
          "SSLCipher": "ECDHE-RSA-AES128-GCM-SHA256",
          "SSLVersion": "TLS1.2"
        }
      ],
      "IncludeInScript": true
    },
    {
      "DomainName": "intercom.io",
      "Domains": [
        {
          "HTTPVersion": "HTTP/1.1",
          "IP": "52.85.241.21",
          "IncludeInScript": false,
          "Name": "widget.intercom.io",
          "Port": 443,
          "Requests": [
            {
              "CompressionType": "",
              "DataType": "",
              "DownloadTime": 47,
              "EventId": 2602,
              "HttpStatus": 302,
              "Size": 0,
              "URL": "https://widget.intercom.io/widget/fkbc3no8"
            }
          ],
          "SSLCipher": "",
          "SSLVersion": ""
        }
      ],
      "IncludeInScript": true
    },
    {
      "DomainName": "gstatic.com",
      "Domains": [
        {
          "HTTPVersion": "HTTP/1.1",
          "IP": "64.233.163.94",
          "IncludeInScript": false,
          "Name": "www.gstatic.com",
          "Port": 443,
          "Requests": [
            {
              "CompressionType": "",
              "DataType": "image/png",
              "DownloadTime": 31,
              "EventId": 2543,
              "HttpStatus": 200,
              "Size": 825,
              "URL": "https://www.gstatic.com/images/branding/product/1x/translate_24dp.png"
            },
            {
              "CompressionType": "",
              "DataType": "image/png",
              "DownloadTime": 31,
              "EventId": 2540,
              "HttpStatus": 200,
              "Size": 1847,
              "URL": "https://www.gstatic.com/images/branding/product/2x/translate_24dp.png"
            }
          ],
          "SSLCipher": "ECDHE-ECDSA-AES128-GCM-SHA256",
          "SSLVersion": "TLS1.2"
        },
        {
          "HTTPVersion": "HTTP/1.1",
          "IP": "64.233.164.94",
          "IncludeInScript": false,
          "Name": "ssl.gstatic.com",
          "Port": 443,
          "Requests": [
            {
              "CompressionType": "",
              "DataType": "application/octet-stream",
              "DownloadTime": 31,
              "EventId": 1980,
              "HttpStatus": 200,
              "Size": 77948,
              "URL": "https://ssl.gstatic.com/safebrowsing/csd/client_model_v5_ext_variation_0.pb"
            },
            {
              "CompressionType": "",
              "DataType": "application/octet-stream",
              "DownloadTime": 15,
              "EventId": 1977,
              "HttpStatus": 200,
              "Size": 77948,
              "URL": "https://ssl.gstatic.com/safebrowsing/csd/client_model_v5_variation_0.pb"
            }
          ],
          "SSLCipher": "ECDHE-ECDSA-AES128-GCM-SHA256",
          "SSLVersion": "TLS1.2"
        },
        {
          "HTTPVersion": "HTTP/1.1",
          "IP": "173.194.221.94",
          "IncludeInScript": false,
          "Name": "fonts.gstatic.com",
          "Port": 443,
          "Requests": [
            {
              "CompressionType": "",
              "DataType": "font/woff2",
              "DownloadTime": 31,
              "EventId": 2153,
              "HttpStatus": 200,
              "Size": 9832,
              "URL": "https://fonts.gstatic.com/s/roboto/v18/KFOmCnqEu92Fr1Mu5mxKOzY.woff2"
            },
            {
              "CompressionType": "",
              "DataType": "font/woff2",
              "DownloadTime": 31,
              "EventId": 1993,
              "HttpStatus": 200,
              "Size": 15344,
              "URL": "https://fonts.gstatic.com/s/roboto/v18/KFOmCnqEu92Fr1Mu4mxK.woff2"
            },
            {
              "CompressionType": "",
              "DataType": "font/woff2",
              "DownloadTime": 31,
              "EventId": 1987,
              "HttpStatus": 200,
              "Size": 10120,
              "URL": "https://fonts.gstatic.com/s/roboto/v18/KFOlCnqEu92Fr1MmEU9fABc4EsA.woff2"
            },
            {
              "CompressionType": "",
              "DataType": "font/woff2",
              "DownloadTime": 31,
              "EventId": 1985,
              "HttpStatus": 200,
              "Size": 15552,
              "URL": "https://fonts.gstatic.com/s/roboto/v18/KFOlCnqEu92Fr1MmEU9fBBc4.woff2"
            }
          ],
          "SSLCipher": "ECDHE-ECDSA-AES128-GCM-SHA256",
          "SSLVersion": "TLS1.2"
        }
      ],
      "IncludeInScript": true
    },
    {
      "DomainName": "googleapis.com",
      "Domains": [
        {
          "HTTPVersion": "HTTP/1.1",
          "IP": "173.194.222.95",
          "IncludeInScript": false,
          "Name": "translate.googleapis.com",
          "Port": 443,
          "Requests": [
            {
              "CompressionType": "gzip",
              "DataType": "text/javascript",
              "DownloadTime": 16,
              "EventId": 2522,
              "HttpStatus": 200,
              "Size": 1985,
              "URL": "https://translate.googleapis.com/translate_static/js/element/main_ru.js"
            },
            {
              "CompressionType": "gzip",
              "DataType": "text/css",
              "DownloadTime": 16,
              "EventId": 2518,
              "HttpStatus": 200,
              "Size": 3619,
              "URL": "https://translate.googleapis.com/translate_static/css/translateelement.css"
            }
          ],
          "SSLCipher": "ECDHE-ECDSA-AES128-GCM-SHA256",
          "SSLVersion": "TLS1.2"
        },
        {
          "HTTPVersion": "HTTP/1.1",
          "IP": "64.233.165.94",
          "IncludeInScript": false,
          "Name": "clientservices.googleapis.com",
          "Port": 443,
          "Requests": [
            {
              "CompressionType": "",
              "DataType": "",
              "DownloadTime": 15,
              "EventId": 30,
              "HttpStatus": 304,
              "Size": 0,
              "URL": "https://clientservices.googleapis.com/chrome-variations/seed?osname=win&channel=stable&milestone=77"
            }
          ],
          "SSLCipher": "ECDHE-ECDSA-AES128-GCM-SHA256",
          "SSLVersion": "TLS1.2"
        }
      ],
      "IncludeInScript": true
    },
    {
      "DomainName": "google.ru",
      "Domains": [
        {
          "HTTPVersion": "HTTP/1.1",
          "IP": "64.233.162.94",
          "IncludeInScript": false,
          "Name": "www.google.ru",
          "Port": 443,
          "Requests": [
            {
              "CompressionType": "",
              "DataType": "image/gif",
              "DownloadTime": 31,
              "EventId": 2487,
              "HttpStatus": 200,
              "Size": 42,
              "URL": "https://www.google.ru/ads/ga-audiences?v=1&aip=1&t=sr&_r=4&tid=UA-17640202-1&cid=925344227.1571393884&jid=190512051&_v=j79&z=1187313950&slf_rd=1&random=1120227993"
            }
          ],
          "SSLCipher": "ECDHE-RSA-AES128-GCM-SHA256",
          "SSLVersion": "TLS1.2"
        }
      ],
      "IncludeInScript": true
    },
    {
      "DomainName": "google.com",
      "Domains": [
        {
          "HTTPVersion": "HTTP/1.1",
          "IP": "64.233.163.99",
          "IncludeInScript": false,
          "Name": "www.google.com",
          "Port": 443,
          "Requests": [
            {
              "CompressionType": "gzip",
              "DataType": "text/javascript",
              "DownloadTime": 47,
              "EventId": 1721,
              "HttpStatus": 200,
              "Size": 5352,
              "URL": "https://www.google.com/js/bg/9mabJ0ibF-BQ93w0Znpg2Yp5Oxy_OXFBMvfnaUe_s68.js"
            }
          ],
          "SSLCipher": "ECDHE-ECDSA-AES128-GCM-SHA256",
          "SSLVersion": "TLS1.2"
        },
        {
          "HTTPVersion": "HTTP/1.1",
          "IP": "64.233.164.138",
          "IncludeInScript": false,
          "Name": "translate.google.com",
          "Port": 443,
          "Requests": [
            {
              "CompressionType": "gzip",
              "DataType": "text/javascript",
              "DownloadTime": 31,
              "EventId": 2499,
              "HttpStatus": 200,
              "Size": 731,
              "URL": "https://translate.google.com/translate_a/element.js?cb=googleTranslateElementInit"
            }
          ],
          "SSLCipher": "ECDHE-ECDSA-AES128-GCM-SHA256",
          "SSLVersion": "TLS1.2"
        },
        {
          "HTTPVersion": "HTTP/1.1",
          "IP": "173.194.222.113",
          "IncludeInScript": false,
          "Name": "clients1.google.com",
          "Port": 443,
          "Requests": [
            {
              "CompressionType": "gzip",
              "DataType": "text/proto",
              "DownloadTime": 31,
              "EventId": 2369,
              "HttpStatus": 200,
              "Size": 28,
              "URL": "https://clients1.google.com/tbproxy/af/query?q=Chc2LjEuMTcxNS4xNDQyL2VuIChHR0xMKRMZsDz0ddcOpacjLfUGh3EkIy2k1NoGJCMts5LoqSQjLWol5UEkIy02x-C8JCMtKEDk4iQjLUenNk0kIy1O5vY1JBQTGdE4MehK8OroIy2zizz4JBQ="
            }
          ],
          "SSLCipher": "ECDHE-ECDSA-AES128-GCM-SHA256",
          "SSLVersion": "TLS1.2"
        }
      ],
      "IncludeInScript": true
    },
    {
      "DomainName": "google-analytics.com",
      "Domains": [
        {
          "HTTPVersion": "HTTP/1.1",
          "IP": "64.233.165.113",
          "IncludeInScript": false,
          "Name": "www.google-analytics.com",
          "Port": 443,
          "Requests": [
            {
              "CompressionType": "gzip",
              "DataType": "text/javascript",
              "DownloadTime": 31,
              "EventId": 2310,
              "HttpStatus": 200,
              "Size": 17803,
              "URL": "https://www.google-analytics.com/analytics.js"
            }
          ],
          "SSLCipher": "ECDHE-RSA-AES128-GCM-SHA256",
          "SSLVersion": "TLS1.2"
        }
      ],
      "IncludeInScript": true
    },
    {
      "DomainName": "facebook.net",
      "Domains": [
        {
          "HTTPVersion": "HTTP/1.1",
          "IP": "31.13.72.12",
          "IncludeInScript": false,
          "Name": "connect.facebook.net",
          "Port": 443,
          "Requests": [
            {
              "CompressionType": "gzip",
              "DataType": "application/x-javascript",
              "DownloadTime": 31,
              "EventId": 2322,
              "HttpStatus": 200,
              "Size": 66297,
              "URL": "https://connect.facebook.net/signals/config/1650958108523345?v=2.9.5&r=stable"
            },
            {
              "CompressionType": "gzip",
              "DataType": "application/x-javascript",
              "DownloadTime": 47,
              "EventId": 2253,
              "HttpStatus": 200,
              "Size": 22458,
              "URL": "https://connect.facebook.net/en_US/fbevents.js"
            },
            {
              "CompressionType": "gzip",
              "DataType": "application/x-javascript",
              "DownloadTime": 31,
              "EventId": 1142,
              "HttpStatus": 200,
              "Size": 59109,
              "URL": "https://connect.facebook.net/ru_RU/sdk.js?hash=50b882ee2d9ac0af248ced7d64e1c351&ua=modern_es6"
            },
            {
              "CompressionType": "gzip",
              "DataType": "application/x-javascript",
              "DownloadTime": 31,
              "EventId": 990,
              "HttpStatus": 200,
              "Size": 1777,
              "URL": "https://connect.facebook.net/ru_RU/sdk.js"
            }
          ],
          "SSLCipher": "ECDHE-ECDSA-AES128-GCM-SHA256",
          "SSLVersion": "TLS1.2"
        }
      ],
      "IncludeInScript": true
    },
    {
      "DomainName": "facebook.com",
      "Domains": [
        {
          "HTTPVersion": "HTTP/1.1",
          "IP": "31.13.72.36",
          "IncludeInScript": false,
          "Name": "www.facebook.com",
          "Port": 443,
          "Requests": [
            {
              "CompressionType": "",
              "DataType": "image/gif",
              "DownloadTime": 32,
              "EventId": 2427,
              "HttpStatus": 200,
              "Size": 44,
              "URL": "https://www.facebook.com/tr/?id=1650958108523345&ev=Microdata&dl=https%3A%2F%2Fsale.aliexpress.com%2Fru%2F__pc%2FSeptember_fashion_new_lianmeng.htm%3FtmLog%3Ddefault_4625%26aff_platform%3Dpromotion%26cpt%3D1571393878939%26sk%3Dloa6aa3A%26aff_trace_key%3D16d2c90c80624b17abd689478a173599-1571393878939-05094-loa6aa3A%26terminal_id%3Dc42a423be07f48fd8db24940f5256235&rl=https%3A%2F%2Ftest.uxcrowd.ru%2F&if=true&ts=1571393885056&cd[DataLayer]=%5B%5D&cd[Meta]=%7B%22title%22%3A%22%22%2C%22meta%3Adescription%22%3A%22Online%20Shopping%20for%20Cheap%20Automotive%2C%20Phones%20Accessories%2C%20Computers%20Electronics%2C%20Fashion%2C%20Beauty%20Health%2C%20Home%20Garden%2C%20Toys%20Sports%2C%20Weddings%20Events%20from%20China%3B%20Shopping%20on%20Aliexpress%20%7Cthe%20world%27s%20Online%20Marketing%20place.%22%2C%22meta%3Akeywords%22%3A%22Aliexpress%2C%20Online%20shopping%2C%20Shopping%20Online%2C%20Online%20Marketing%2C%20Automotive%2C%20Phones%2C%20Accessories%2C%20Computers%2C%20Electronics%2C%20Fashion%2C%20Beauty%2C%20Health%2C%20Home%2C%20Garden%2C%20Toys%20%2C%20Sports%2C%20Weddings%2C%20Events%22%7D&cd[OpenGraph]=%7B%22og%3Atitle%22%3A%22%22%2C%22og%3Adescription%22%3A%22Online%20Shopping%20for%20Cheap%20Automotive%2C%20Phones%20Accessories%2C%20Computers%20Electronics%2C%20Fashion%2C%20Beauty%20Health%2C%20Home%20Garden%2C%20Toys%20Sports%2C%20Weddings%20Events%20from%20China%3B%20Shopping%20on%20Aliexpress%20%7Cthe%20world%27s%20Online%20Marketing%20place.%22%2C%22og%3Atype%22%3A%22activity%22%2C%22og%3Aurl%22%3A%22https%3A%2F%2Fsale.aliexpress.com%2FSeptember_fashion_new_lianmeng.htm%22%2C%22og%3Aimage%22%3A%22https%3A%2F%2Fae01.alicdn.com%2Fkf%2FHTB18eCBQXXXXXXfXXXX760XFXXXa.png%22%7D&cd[Schema.org]=%5B%5D&cd[JSON-LD]=%5B%5D&sw=1920&sh=1080&v=2.9.5&r=stable&ec=1&o=30&fbp=fb.1.1571393884213.2031525760&it=1571393884083&coo=false&es=automatic&rqm=GET"
            },
            {
              "CompressionType": "",
              "DataType": "image/gif",
              "DownloadTime": 31,
              "EventId": 2394,
              "HttpStatus": 200,
              "Size": 44,
              "URL": "https://www.facebook.com/tr/?id=1650958108523345&ev=PageView&dl=https%3A%2F%2Fsale.aliexpress.com%2Fru%2F__pc%2FSeptember_fashion_new_lianmeng.htm%3FtmLog%3Ddefault_4625%26aff_platform%3Dpromotion%26cpt%3D1571393878939%26sk%3Dloa6aa3A%26aff_trace_key%3D16d2c90c80624b17abd689478a173599-1571393878939-05094-loa6aa3A%26terminal_id%3Dc42a423be07f48fd8db24940f5256235&rl=https%3A%2F%2Ftest.uxcrowd.ru%2F&if=true&ts=1571393884214&sw=1920&sh=1080&v=2.9.5&r=stable&ec=0&o=30&fbp=fb.1.1571393884213.2031525760&it=1571393884083&coo=false&rqm=GET"
            }
          ],
          "SSLCipher": "ECDHE-ECDSA-AES128-GCM-SHA256",
          "SSLVersion": "TLS1.2"
        },
        {
          "HTTPVersion": "HTTP/1.1",
          "IP": "31.13.72.12",
          "IncludeInScript": false,
          "Name": "staticxx.facebook.com",
          "Port": 443,
          "Requests": [
            {
              "CompressionType": "br",
              "DataType": "text/html",
              "DownloadTime": 16,
              "EventId": 1376,
              "HttpStatus": 200,
              "Size": 11605,
              "URL": "https://staticxx.facebook.com/connect/xd_arbiter.php?version=44"
            }
          ],
          "SSLCipher": "ECDHE-ECDSA-AES128-GCM-SHA256",
          "SSLVersion": "TLS1.2"
        }
      ],
      "IncludeInScript": true
    },
    {
      "DomainName": "doubleclick.net",
      "Domains": [
        {
          "HTTPVersion": "HTTP/1.1",
          "IP": "173.194.73.157",
          "IncludeInScript": false,
          "Name": "stats.g.doubleclick.net",
          "Port": 443,
          "Requests": [
            {
              "CompressionType": "",
              "DataType": "text/html",
              "DownloadTime": 16,
              "EventId": 2425,
              "HttpStatus": 302,
              "Size": 365,
              "URL": "https://stats.g.doubleclick.net/r/collect?v=1&aip=1&t=dc&_r=3&tid=UA-17640202-1&cid=925344227.1571393884&jid=190512051&_gid=1844210913.1571393884&gjid=1940085251&_v=j79&z=1187313950"
            }
          ],
          "SSLCipher": "ECDHE-ECDSA-AES128-GCM-SHA256",
          "SSLVersion": "TLS1.2"
        },
        {
          "HTTPVersion": "HTTP/1.1",
          "IP": "64.233.162.148",
          "IncludeInScript": false,
          "Name": "static.doubleclick.net",
          "Port": 443,
          "Requests": [
            {
              "CompressionType": "",
              "DataType": "text/javascript",
              "DownloadTime": 31,
              "EventId": 1689,
              "HttpStatus": 200,
              "Size": 29,
              "URL": "https://static.doubleclick.net/instream/ad_status.js"
            }
          ],
          "SSLCipher": "ECDHE-RSA-AES128-GCM-SHA256",
          "SSLVersion": "TLS1.2"
        },
        {
          "HTTPVersion": "HTTP/1.1",
          "IP": "173.194.220.156",
          "IncludeInScript": false,
          "Name": "googleads.g.doubleclick.net",
          "Port": 443,
          "Requests": [
            {
              "CompressionType": "",
              "DataType": "text/html",
              "DownloadTime": 31,
              "EventId": 1697,
              "HttpStatus": 302,
              "Size": 0,
              "URL": "https://googleads.g.doubleclick.net/pagead/id"
            }
          ],
          "SSLCipher": "ECDHE-ECDSA-AES128-GCM-SHA256",
          "SSLVersion": "TLS1.2"
        }
      ],
      "IncludeInScript": true
    },
    {
      "DomainName": "aliexpress.com",
      "Domains": [
        {
          "HTTPVersion": "HTTP/1.1",
          "IP": "95.100.164.13",
          "IncludeInScript": false,
          "Name": "sale.aliexpress.com",
          "Port": 443,
          "Requests": [
            {
              "CompressionType": "gzip",
              "DataType": "text/html",
              "DownloadTime": 31,
              "EventId": 1858,
              "HttpStatus": 200,
              "Size": 11532,
              "URL": "https://sale.aliexpress.com/ru/__pc/September_fashion_new_lianmeng.htm?tmLog=default_4625&aff_platform=promotion&cpt=1571393878939&sk=loa6aa3A&aff_trace_key=16d2c90c80624b17abd689478a173599-1571393878939-05094-loa6aa3A&terminal_id=c42a423be07f48fd8db24940f5256235"
            },
            {
              "CompressionType": "",
              "DataType": "",
              "DownloadTime": 78,
              "EventId": 1701,
              "HttpStatus": 302,
              "Size": 0,
              "URL": "https://sale.aliexpress.com/September_fashion_new_lianmeng.htm?tmLog=default_4625&aff_platform=promotion&cpt=1571393878939&sk=loa6aa3A&aff_trace_key=16d2c90c80624b17abd689478a173599-1571393878939-05094-loa6aa3A&terminal_id=c42a423be07f48fd8db24940f5256235"
            }
          ],
          "SSLCipher": "ECDHE-RSA-AES256-GCM-SHA384",
          "SSLVersion": "TLS1.2"
        },
        {
          "HTTPVersion": "HTTP/1.1",
          "IP": "2.16.66.61",
          "IncludeInScript": false,
          "Name": "s.click.aliexpress.com",
          "Port": 443,
          "Requests": [
            {
              "CompressionType": "",
              "DataType": "",
              "DownloadTime": 235,
              "EventId": 1302,
              "HttpStatus": 302,
              "Size": 0,
              "URL": "https://s.click.aliexpress.com/e/loa6aa3A"
            }
          ],
          "SSLCipher": "ECDHE-RSA-AES256-GCM-SHA384",
          "SSLVersion": "TLS1.2"
        },
        {
          "HTTPVersion": "HTTP/1.1",
          "IP": "198.11.132.222",
          "IncludeInScript": false,
          "Name": "pcookie.aliexpress.com",
          "Port": 443,
          "Requests": [
            {
              "CompressionType": "",
              "DataType": "image/gif",
              "DownloadTime": 187,
              "EventId": 2527,
              "HttpStatus": 200,
              "Size": 43,
              "URL": "https://pcookie.aliexpress.com/app.gif?&cna=X38wFp6UCyoCAV6fRa7Y7KMg"
            }
          ],
          "SSLCipher": "ECDHE-RSA-AES128-GCM-SHA256",
          "SSLVersion": "TLS1.2"
        },
        {
          "HTTPVersion": "HTTP/1.1",
          "IP": "95.100.164.13",
          "IncludeInScript": false,
          "Name": "lighthouse.aliexpress.com",
          "Port": 443,
          "Requests": [
            {
              "CompressionType": "gzip",
              "DataType": "application/javascript",
              "DownloadTime": 16,
              "EventId": 2645,
              "HttpStatus": 200,
              "Size": 92,
              "URL": "https://lighthouse.aliexpress.com/buyer/StoreNewArrivalsProductNumAjax.htm?callback=jQuery183008023731226089281_1571393883340&_=1571393893318"
            }
          ],
          "SSLCipher": "ECDHE-RSA-AES256-GCM-SHA384",
          "SSLVersion": "TLS1.2"
        }
      ],
      "IncludeInScript": true
    },
    {
      "DomainName": "alicdn.com",
      "Domains": [
        {
          "HTTPVersion": "HTTP/1.1",
          "IP": "95.100.164.5",
          "IncludeInScript": false,
          "Name": "u.alicdn.com",
          "Port": 443,
          "Requests": [
            {
              "CompressionType": "gzip",
              "DataType": "application/javascript",
              "DownloadTime": 15,
              "EventId": 2155,
              "HttpStatus": 200,
              "Size": 44329,
              "URL": "https://u.alicdn.com/js/6v/biz/common/atom-ams/atom-ams.js?v=2018-07-02"
            }
          ],
          "SSLCipher": "ECDHE-RSA-AES256-GCM-SHA384",
          "SSLVersion": "TLS1.2"
        },
        {
          "HTTPVersion": "HTTP/1.1",
          "IP": "95.100.164.13",
          "IncludeInScript": false,
          "Name": "i.alicdn.com",
          "Port": 443,
          "Requests": [
            {
              "CompressionType": "",
              "DataType": "image/png",
              "DownloadTime": 94,
              "EventId": 2299,
              "HttpStatus": 200,
              "Size": 11438,
              "URL": "https://i.alicdn.com/ae-ams-ui/1.1.1/widget/common/image/placeholder.png"
            },
            {
              "CompressionType": "",
              "DataType": "image/png",
              "DownloadTime": 16,
              "EventId": 2283,
              "HttpStatus": 200,
              "Size": 377,
              "URL": "https://i.alicdn.com/ae-footer/20180727152327/common/img/apple.png"
            },
            {
              "CompressionType": "",
              "DataType": "image/png",
              "DownloadTime": 16,
              "EventId": 2281,
              "HttpStatus": 200,
              "Size": 358,
              "URL": "https://i.alicdn.com/ae-footer/20180727152327/common/img/android.png"
            },
            {
              "CompressionType": "",
              "DataType": "",
              "DownloadTime": 16,
              "EventId": 2250,
              "HttpStatus": 200,
              "Size": 21868,
              "URL": "https://i.alicdn.com/ae-ams-ui/1.0.3/studio/fonts/open-sans-v13-cyrillic_latin/open-sans-v13-cyrillic_latin-700.woff2"
            },
            {
              "CompressionType": "",
              "DataType": "image/png",
              "DownloadTime": 16,
              "EventId": 2242,
              "HttpStatus": 200,
              "Size": 33860,
              "URL": "https://i.alicdn.com/ae-header/20180814094626/node_modules/@alife/omega-country-flag/img/sprites_countryFlag_s_fix_2.png"
            },
            {
              "CompressionType": "",
              "DataType": "",
              "DownloadTime": 16,
              "EventId": 2230,
              "HttpStatus": 200,
              "Size": 21164,
              "URL": "https://i.alicdn.com/ae-ams-ui/1.0.3/studio/fonts/open-sans-v13-cyrillic_latin/open-sans-v13-cyrillic_latin-regular.woff2"
            },
            {
              "CompressionType": "",
              "DataType": "image/png",
              "DownloadTime": 16,
              "EventId": 2207,
              "HttpStatus": 200,
              "Size": 30435,
              "URL": "https://i.alicdn.com/ae-header/20180814094626/buyer/common/img/header-sprite.png"
            },
            {
              "CompressionType": "",
              "DataType": "image/png",
              "DownloadTime": 16,
              "EventId": 2205,
              "HttpStatus": 200,
              "Size": 63132,
              "URL": "https://i.alicdn.com/ae-header/20180814094626/buyer/common/img/icons-s7ceb5615b6.png"
            },
            {
              "CompressionType": "br",
              "DataType": "application/javascript",
              "DownloadTime": 47,
              "EventId": 2197,
              "HttpStatus": 200,
              "Size": 90293,
              "URL": "https://i.alicdn.com/ae-header/20180814094626/buyer/front/ae-header.js"
            },
            {
              "CompressionType": "gzip",
              "DataType": "application/javascript",
              "DownloadTime": 47,
              "EventId": 2194,
              "HttpStatus": 200,
              "Size": 9500,
              "URL": "https://i.alicdn.com/ae-ams-ui/1.1.1/widget/menu/model.js"
            },
            {
              "CompressionType": "br",
              "DataType": "application/javascript",
              "DownloadTime": 0,
              "EventId": 2192,
              "HttpStatus": 200,
              "Size": 418,
              "URL": "https://i.alicdn.com/ae-footer/20180727152327/buyer/front/footer.js"
            },
            {
              "CompressionType": "gzip",
              "DataType": "application/javascript",
              "DownloadTime": 93,
              "EventId": 2184,
              "HttpStatus": 200,
              "Size": 19258,
              "URL": "https://i.alicdn.com/ae-ams-ui/1.1.0/widget/index.js"
            },
            {
              "CompressionType": "gzip",
              "DataType": "application/javascript",
              "DownloadTime": 93,
              "EventId": 2182,
              "HttpStatus": 200,
              "Size": 48015,
              "URL": "https://i.alicdn.com/ae-ams-ui/1.1.1/widget/list/model.js"
            },
            {
              "CompressionType": "br",
              "DataType": "application/javascript",
              "DownloadTime": 93,
              "EventId": 2180,
              "HttpStatus": 200,
              "Size": 27803,
              "URL": "https://i.alicdn.com/ams-static/3.0.0/global/base.js"
            },
            {
              "CompressionType": "br",
              "DataType": "text/css",
              "DownloadTime": 0,
              "EventId": 2178,
              "HttpStatus": 200,
              "Size": 532,
              "URL": "https://i.alicdn.com/ae-footer/20180727152327/buyer/front/footer.css"
            },
            {
              "CompressionType": "br",
              "DataType": "text/css",
              "DownloadTime": 47,
              "EventId": 2176,
              "HttpStatus": 200,
              "Size": 5231,
              "URL": "https://i.alicdn.com/ae-ams-ui/1.0.3/studio/css/font-face/font-face.css"
            },
            {
              "CompressionType": "br",
              "DataType": "text/css",
              "DownloadTime": 16,
              "EventId": 2172,
              "HttpStatus": 200,
              "Size": 9179,
              "URL": "https://i.alicdn.com/ae-header/20180814094626/buyer/front/ae-header-ru.css"
            },
            {
              "CompressionType": "gzip",
              "DataType": "text/css",
              "DownloadTime": 16,
              "EventId": 2170,
              "HttpStatus": 200,
              "Size": 1479,
              "URL": "https://i.alicdn.com/ae-ams-ui/1.1.1/widget/index.css"
            },
            {
              "CompressionType": "br",
              "DataType": "text/css",
              "DownloadTime": 16,
              "EventId": 2159,
              "HttpStatus": 200,
              "Size": 5387,
              "URL": "https://i.alicdn.com/ams-static/3.0.0/global/base.css"
            }
          ],
          "SSLCipher": "ECDHE-RSA-AES256-GCM-SHA384",
          "SSLVersion": "TLS1.2"
        },
        {
          "HTTPVersion": "HTTP/1.1",
          "IP": "47.246.2.253",
          "IncludeInScript": false,
          "Name": "g.alicdn.com",
          "Port": 443,
          "Requests": [
            {
              "CompressionType": "gzip",
              "DataType": "text/html",
              "DownloadTime": 16,
              "EventId": 2586,
              "HttpStatus": 200,
              "Size": 4736,
              "URL": "https://g.alicdn.com/alilog/oneplus/blk.html"
            }
          ],
          "SSLCipher": "ECDHE-RSA-AES128-GCM-SHA256",
          "SSLVersion": "TLS1.2"
        },
        {
          "HTTPVersion": "HTTP/1.1",
          "IP": "95.100.164.5",
          "IncludeInScript": false,
          "Name": "assets.alicdn.com",
          "Port": 443,
          "Requests": [
            {
              "CompressionType": "br",
              "DataType": "application/javascript",
              "DownloadTime": 16,
              "EventId": 2609,
              "HttpStatus": 200,
              "Size": 11025,
              "URL": "https://assets.alicdn.com/g/security/umscript/2.1.4/um.js"
            },
            {
              "CompressionType": "br",
              "DataType": "application/javascript",
              "DownloadTime": 0,
              "EventId": 2547,
              "HttpStatus": 200,
              "Size": 412,
              "URL": "https://assets.alicdn.com/g/alilog/oneplus/entry.js?t=218249"
            },
            {
              "CompressionType": "br",
              "DataType": "application/javascript",
              "DownloadTime": 16,
              "EventId": 2444,
              "HttpStatus": 200,
              "Size": 42156,
              "URL": "https://assets.alicdn.com/g/secdev/nsv/1.0.66/ns_d_77_3_f.js"
            },
            {
              "CompressionType": "br",
              "DataType": "application/javascript",
              "DownloadTime": 16,
              "EventId": 2441,
              "HttpStatus": 200,
              "Size": 6842,
              "URL": "https://assets.alicdn.com/g/secdev/sufei_data/3.7.9/index.js"
            },
            {
              "CompressionType": "br",
              "DataType": "application/javascript",
              "DownloadTime": 15,
              "EventId": 2438,
              "HttpStatus": 200,
              "Size": 1275,
              "URL": "https://assets.alicdn.com/g/secdev/entry/index.js?t=218249"
            },
            {
              "CompressionType": "gzip",
              "DataType": "application/javascript",
              "DownloadTime": 31,
              "EventId": 2364,
              "HttpStatus": 200,
              "Size": 45976,
              "URL": "https://assets.alicdn.com/g/alilog/??s/8.12.7/plugin/aplus_client.js,aplus_cplugin/0.7.5/toolkit.js,aplus_cplugin/0.7.5/monitor.js,s/8.12.7/aplus_int.js,s/8.12.7/plugin/aplus_spmact.js,aplus_plugin_ae/0.0.8/index.js?v=20191017224330"
            },
            {
              "CompressionType": "gzip",
              "DataType": "application/javascript",
              "DownloadTime": 15,
              "EventId": 2285,
              "HttpStatus": 200,
              "Size": 8453,
              "URL": "https://assets.alicdn.com/g/alilog/??aplus_plugin_aefront/index.js,mlog/aplus_int.js"
            }
          ],
          "SSLCipher": "ECDHE-RSA-AES256-GCM-SHA384",
          "SSLVersion": "TLS1.2"
        },
        {
          "HTTPVersion": "HTTP/1.1",
          "IP": "95.100.164.13",
          "IncludeInScript": false,
          "Name": "ae01.alicdn.com",
          "Port": 443,
          "Requests": [
            {
              "CompressionType": "",
              "DataType": "image/webp",
              "DownloadTime": 94,
              "EventId": 2297,
              "HttpStatus": 200,
              "Size": 42818,
              "URL": "https://ae01.alicdn.com/kf/HTB1MZqHKAOWBuNjSsppq6xPgpXaQ.jpg"
            },
            {
              "CompressionType": "",
              "DataType": "image/webp",
              "DownloadTime": 15,
              "EventId": 2287,
              "HttpStatus": 200,
              "Size": 74,
              "URL": "https://ae01.alicdn.com/wimg/monitor/start-render.png"
            }
          ],
          "SSLCipher": "ECDHE-RSA-AES256-GCM-SHA384",
          "SSLVersion": "TLS1.2"
        }
      ],
      "IncludeInScript": true
    },
    {
      "DomainName": "alibaba.com",
      "Domains": [
        {
          "HTTPVersion": "HTTP/1.1",
          "IP": "198.11.132.198",
          "IncludeInScript": false,
          "Name": "cmap.alibaba.com",
          "Port": 443,
          "Requests": [
            {
              "CompressionType": "",
              "DataType": "image/gif",
              "DownloadTime": 203,
              "EventId": 2463,
              "HttpStatus": 200,
              "Size": 49,
              "URL": "https://cmap.alibaba.com/landing_ae.gif?cna=-"
            }
          ],
          "SSLCipher": "ECDHE-ECDSA-AES128-GCM-SHA256",
          "SSLVersion": "TLS1.2"
        }
      ],
      "IncludeInScript": true
    }
  ],
  "WebSocket": {
    "IncludeInScript": false,
    "IsScriptIncludeWebSocket": false
  },
  "NumberOfCorrelations": 1
}